,Date,City,Percent_of_City_Moving,index,count_percent_moving
1,1/20/2020,Hong Kong,1.07,1,15
3,1/21/2020,Hong Kong,1.04,3,11
5,1/22/2020,Hong Kong,1.03,5,17
7,1/23/2020,Hong Kong,0.93,7,22
9,1/24/2020,Hong Kong,0.73,9,7
11,1/25/2020,Hong Kong,0.49,11,10
13,1/26/2020,Hong Kong,0.61,13,4
15,1/27/2020,Hong Kong,0.72,15,12
16,1/27/2020,Tokyo,0.98,16,18
18,1/28/2020,Hong Kong,0.62,18,8
19,1/28/2020,Tokyo,0.93,19,22
21,1/29/2020,Hong Kong,0.53,21,14
22,1/29/2020,Tokyo,0.92,22,17
24,1/30/2020,Hong Kong,0.5,24,15
25,1/30/2020,Tokyo,0.89,25,19
27,1/31/2020,Hong Kong,0.48,27,10
28,1/31/2020,Tokyo,0.87,28,14
30,2/1/2020,Hong Kong,0.47,30,10
31,2/1/2020,Tokyo,0.91,31,17
33,2/2/2020,Hong Kong,0.5,33,15
34,2/2/2020,Tokyo,0.86,34,17
36,2/3/2020,Hong Kong,0.53,36,14
37,2/3/2020,Seoul,0.97,37,23
38,2/3/2020,Singapore,1.03,38,17
39,2/3/2020,Tokyo,0.93,39,22
41,2/4/2020,Hong Kong,0.52,41,16
42,2/4/2020,Seoul,0.94,42,11
43,2/4/2020,Singapore,1.04,43,11
44,2/4/2020,Tokyo,0.93,44,22
46,2/5/2020,Hong Kong,0.48,46,10
47,2/5/2020,Seoul,0.88,47,19
48,2/5/2020,Singapore,1.01,48,12
49,2/5/2020,Tokyo,0.82,49,12
51,2/6/2020,Hong Kong,0.47,51,10
52,2/6/2020,Seoul,0.92,52,17
53,2/6/2020,Singapore,0.98,53,18
54,2/6/2020,Tokyo,0.84,54,6
56,2/7/2020,Hong Kong,0.47,56,10
57,2/7/2020,Seoul,0.95,57,22
58,2/7/2020,Singapore,0.95,58,22
59,2/7/2020,Tokyo,0.92,59,17
61,2/8/2020,Hong Kong,0.46,61,9
62,2/8/2020,Seoul,0.92,62,17
63,2/8/2020,Singapore,0.9,63,9
64,2/8/2020,Tokyo,0.82,64,12
66,2/9/2020,Hong Kong,0.47,66,10
67,2/9/2020,Seoul,0.96,67,11
68,2/9/2020,Singapore,0.84,68,6
69,2/9/2020,Tokyo,0.83,69,10
71,2/10/2020,Hong Kong,0.48,71,10
72,2/10/2020,Seoul,0.91,72,17
73,2/10/2020,Singapore,0.88,73,19
74,2/10/2020,Tokyo,0.8,74,10
76,2/11/2020,Hong Kong,0.45,76,10
77,2/11/2020,Seoul,0.93,77,22
78,2/11/2020,Singapore,0.86,78,17
79,2/11/2020,Tokyo,0.86,79,17
81,2/12/2020,Hong Kong,0.48,81,10
82,2/12/2020,Seoul,0.81,82,14
83,2/12/2020,Singapore,0.89,83,19
84,2/12/2020,Tokyo,0.9,84,9
86,2/13/2020,Hong Kong,0.44,86,12
87,2/13/2020,Seoul,0.93,87,22
88,2/13/2020,Singapore,0.86,88,17
89,2/13/2020,Tokyo,0.91,89,17
91,2/14/2020,Hong Kong,0.52,91,16
92,2/14/2020,Seoul,0.99,92,18
93,2/14/2020,Singapore,0.89,93,19
94,2/14/2020,Tokyo,0.99,94,18
96,2/15/2020,Hong Kong,0.44,96,12
97,2/15/2020,Seoul,0.95,97,22
98,2/15/2020,Singapore,0.87,98,14
99,2/15/2020,Tokyo,0.89,99,19
101,2/16/2020,Hong Kong,0.43,101,8
102,2/16/2020,Seoul,0.81,102,14
103,2/16/2020,Singapore,0.85,103,13
104,2/16/2020,Tokyo,0.93,104,22
106,2/17/2020,Hong Kong,0.48,106,10
107,2/17/2020,Milan,1.23,107,3
108,2/17/2020,Monaco,1.22,108,1
109,2/17/2020,Seoul,0.83,109,10
110,2/17/2020,Singapore,0.87,110,14
111,2/17/2020,Tokyo,0.91,111,17
113,2/18/2020,Hong Kong,0.49,113,10
114,2/18/2020,Milan,1.24,114,3
115,2/18/2020,Monaco,1.27,115,3
116,2/18/2020,Seoul,0.81,116,14
117,2/18/2020,Singapore,0.88,117,19
118,2/18/2020,Tokyo,0.87,118,14
120,2/19/2020,Hong Kong,0.5,120,15
121,2/19/2020,Milan,1.3,121,2
122,2/19/2020,Monaco,1.41,122,2
123,2/19/2020,Seoul,0.86,123,17
124,2/19/2020,Singapore,0.87,124,14
125,2/19/2020,Tokyo,0.79,125,6
127,2/20/2020,Hong Kong,0.51,127,11
128,2/20/2020,Milan,1.28,128,3
129,2/20/2020,Monaco,1.13,129,8
130,2/20/2020,Seoul,0.88,130,19
131,2/20/2020,Singapore,0.85,131,13
132,2/20/2020,Tokyo,0.81,132,14
134,2/21/2020,Hong Kong,0.49,134,10
135,2/21/2020,Milan,1.14,135,8
136,2/21/2020,Monaco,1.2,136,4
137,2/21/2020,Seoul,0.86,137,17
138,2/21/2020,Singapore,0.88,138,19
139,2/21/2020,Tokyo,0.85,139,13
141,2/22/2020,Hong Kong,0.53,141,14
142,2/22/2020,Milan,1.02,142,20
143,2/22/2020,Monaco,0.67,143,8
144,2/22/2020,Seoul,0.78,144,6
145,2/22/2020,Singapore,0.91,145,17
146,2/22/2020,Tokyo,0.9,146,9
148,2/23/2020,Hong Kong,0.52,148,16
149,2/23/2020,Milan,0.76,149,5
150,2/23/2020,Monaco,0.78,150,6
151,2/23/2020,Seoul,0.73,151,7
152,2/23/2020,Singapore,0.86,152,17
153,2/23/2020,Tokyo,0.92,153,17
155,2/24/2020,Hamburg,1.12,155,3
156,2/24/2020,Hong Kong,0.51,156,11
157,2/24/2020,Lyon,1.02,157,20
158,2/24/2020,Milan,0.55,158,8
159,2/24/2020,Monaco,0.91,159,17
160,2/24/2020,Rhine-Ruhr,0.95,160,22
161,2/24/2020,Rome,1.36,161,1
162,2/24/2020,San Francisco,1.09,162,9
163,2/24/2020,Seattle,0.88,163,19
164,2/24/2020,Seoul,0.7,164,5
165,2/24/2020,Singapore,0.86,165,17
166,2/24/2020,Tokyo,0.85,166,13
168,2/25/2020,Hamburg,1.05,168,12
169,2/25/2020,Hong Kong,0.5,169,15
170,2/25/2020,Lyon,1.03,170,17
171,2/25/2020,Milan,0.41,171,14
172,2/25/2020,Monaco,0.72,172,12
173,2/25/2020,Rhine-Ruhr,0.84,173,6
174,2/25/2020,Rome,1.02,174,20
175,2/25/2020,San Francisco,1.07,175,15
176,2/25/2020,Seattle,0.98,176,18
177,2/25/2020,Seoul,0.67,177,8
178,2/25/2020,Singapore,0.89,178,19
179,2/25/2020,Tokyo,0.83,179,10
181,2/26/2020,Hamburg,0.97,181,23
182,2/26/2020,Hong Kong,0.52,182,16
183,2/26/2020,Lyon,1,183,25
184,2/26/2020,Milan,0.37,184,13
185,2/26/2020,Monaco,0.78,185,6
186,2/26/2020,Rhine-Ruhr,0.87,186,14
187,2/26/2020,Rome,0.98,187,18
188,2/26/2020,San Francisco,1,188,25
189,2/26/2020,Seattle,0.98,189,18
190,2/26/2020,Seoul,0.62,190,8
191,2/26/2020,Singapore,0.89,191,19
192,2/26/2020,Tokyo,0.86,192,17
194,2/27/2020,Hamburg,1.06,194,14
195,2/27/2020,Hong Kong,0.52,195,16
196,2/27/2020,Lyon,0.95,196,22
197,2/27/2020,Milan,0.35,197,15
198,2/27/2020,Monaco,0.72,198,12
199,2/27/2020,Rhine-Ruhr,0.88,199,19
200,2/27/2020,Rome,0.94,200,11
201,2/27/2020,San Francisco,1.04,201,11
202,2/27/2020,Seattle,0.99,202,18
203,2/27/2020,Seoul,0.61,203,4
204,2/27/2020,Singapore,0.9,204,9
205,2/27/2020,Tokyo,0.81,205,14
207,2/28/2020,Hamburg,0.95,207,22
208,2/28/2020,Hong Kong,0.51,208,11
209,2/28/2020,Lyon,0.92,209,17
210,2/28/2020,Milan,0.35,210,15
211,2/28/2020,Monaco,0.93,211,22
212,2/28/2020,Rhine-Ruhr,0.8,212,10
213,2/28/2020,Rome,0.93,213,22
214,2/28/2020,San Francisco,1.02,214,20
215,2/28/2020,Seattle,0.99,215,18
216,2/28/2020,Seoul,0.5,216,15
217,2/28/2020,Singapore,0.89,217,19
218,2/28/2020,Tokyo,0.79,218,6
220,2/29/2020,Hamburg,0.97,220,23
221,2/29/2020,Hong Kong,0.55,221,8
222,2/29/2020,Lyon,0.88,222,19
223,2/29/2020,Milan,0.35,223,15
224,2/29/2020,Monaco,0.71,224,5
225,2/29/2020,Rhine-Ruhr,0.78,225,6
226,2/29/2020,Rome,0.88,226,19
227,2/29/2020,San Francisco,0.99,227,18
228,2/29/2020,Seattle,1.07,228,15
229,2/29/2020,Seoul,0.53,229,14
230,2/29/2020,Singapore,0.91,230,17
231,2/29/2020,Tokyo,0.74,231,12
233,3/1/2020,Hamburg,0.95,233,22
234,3/1/2020,Hong Kong,0.56,234,7
235,3/1/2020,Lyon,0.9,235,9
236,3/1/2020,Milan,0.35,236,15
237,3/1/2020,Monaco,0.76,237,5
238,3/1/2020,Rhine-Ruhr,0.74,238,12
239,3/1/2020,Rome,0.82,239,12
240,3/1/2020,San Francisco,0.93,240,22
241,3/1/2020,Seattle,1.07,241,15
242,3/1/2020,Seoul,0.44,242,12
243,3/1/2020,Singapore,0.88,243,19
244,3/1/2020,Tokyo,0.68,244,7
246,3/2/2020,Amsterdam,1.1,246,5
247,3/2/2020,Barcelona,1.13,247,8
248,3/2/2020,Berlin,1.03,248,17
249,3/2/2020,Birmingham,1,249,25
250,3/2/2020,Boston,0.97,250,23
251,3/2/2020,Brussels,1.06,251,14
252,3/2/2020,Chicago,1.06,252,14
253,3/2/2020,Copenhagen,1.03,253,17
254,3/2/2020,Hamburg,0.94,254,11
255,3/2/2020,Hong Kong,0.52,255,16
256,3/2/2020,Istanbul,1.24,256,3
257,3/2/2020,Lisbon,1.2,257,4
258,3/2/2020,London,1,258,25
259,3/2/2020,Los Angeles,1.07,259,15
260,3/2/2020,Lyon,0.82,260,12
261,3/2/2020,Madrid,1.07,261,15
262,3/2/2020,Manchester,1.06,262,14
263,3/2/2020,Melbourne,1.13,263,8
264,3/2/2020,Mexico City,1.14,264,8
265,3/2/2020,Milan,0.45,265,10
266,3/2/2020,Monaco,0.82,266,12
267,3/2/2020,Montréal,0.96,267,11
268,3/2/2020,Moscow,1.02,268,20
269,3/2/2020,New York City,1,269,25
270,3/2/2020,Paris,0.95,270,22
271,3/2/2020,Philadelphia,0.94,271,11
272,3/2/2020,Rhine-Ruhr,0.74,272,12
273,3/2/2020,Rome,0.97,273,23
274,3/2/2020,San Francisco,1,274,25
275,3/2/2020,Seattle,0.83,275,10
276,3/2/2020,Seoul,0.52,276,16
277,3/2/2020,Singapore,0.88,277,19
278,3/2/2020,St. Petersburg,1.16,278,2
279,3/2/2020,Stockholm,0.98,279,18
280,3/2/2020,Sydney,1.21,280,2
281,3/2/2020,São Paulo,1.12,281,3
282,3/2/2020,Tokyo,0.6,282,5
283,3/2/2020,Toronto,0.95,283,22
284,3/2/2020,Vancouver,0.93,284,22
285,3/2/2020,Vienna,1.3,285,2
286,3/2/2020,Washington DC,1.02,286,20
288,3/3/2020,Amsterdam,1.03,288,17
289,3/3/2020,Barcelona,1.05,289,12
290,3/3/2020,Berlin,0.94,290,11
291,3/3/2020,Birmingham,1.05,291,12
292,3/3/2020,Boston,0.99,292,18
293,3/3/2020,Brussels,1.02,293,20
294,3/3/2020,Chicago,0.99,294,18
295,3/3/2020,Copenhagen,1.02,295,20
296,3/3/2020,Hamburg,0.82,296,12
297,3/3/2020,Hong Kong,0.52,297,16
298,3/3/2020,Istanbul,1.24,298,3
299,3/3/2020,Lisbon,1.23,299,3
300,3/3/2020,London,1.02,300,20
301,3/3/2020,Los Angeles,1.1,301,5
302,3/3/2020,Lyon,0.76,302,5
303,3/3/2020,Madrid,1,303,25
304,3/3/2020,Manchester,0.98,304,18
305,3/3/2020,Melbourne,1.06,305,14
306,3/3/2020,Mexico City,1.11,306,3
307,3/3/2020,Milan,0.44,307,12
308,3/3/2020,Monaco,0.72,308,12
309,3/3/2020,Montréal,1,309,25
310,3/3/2020,Moscow,1.17,310,5
311,3/3/2020,New York City,1.02,311,20
312,3/3/2020,Paris,1.01,312,12
313,3/3/2020,Philadelphia,0.96,313,11
314,3/3/2020,Rhine-Ruhr,0.79,314,6
315,3/3/2020,Rome,0.91,315,17
316,3/3/2020,San Francisco,1,316,25
317,3/3/2020,Seattle,0.83,317,10
318,3/3/2020,Seoul,0.51,318,11
319,3/3/2020,Singapore,0.91,319,17
320,3/3/2020,St. Petersburg,1.25,320,3
321,3/3/2020,Stockholm,0.93,321,22
322,3/3/2020,Sydney,1.09,322,9
323,3/3/2020,São Paulo,1.16,323,2
324,3/3/2020,Tokyo,0.62,324,8
325,3/3/2020,Toronto,1.02,325,20
326,3/3/2020,Vancouver,0.95,326,22
327,3/3/2020,Vienna,1.15,327,7
328,3/3/2020,Washington DC,0.95,328,22
330,3/4/2020,Amsterdam,0.98,330,18
331,3/4/2020,Barcelona,1.05,331,12
332,3/4/2020,Berlin,0.93,332,22
333,3/4/2020,Birmingham,0.99,333,18
334,3/4/2020,Boston,0.97,334,23
335,3/4/2020,Brussels,1.07,335,15
336,3/4/2020,Chicago,0.97,336,23
337,3/4/2020,Copenhagen,0.97,337,23
338,3/4/2020,Hamburg,0.85,338,13
339,3/4/2020,Hong Kong,0.5,339,15
340,3/4/2020,Istanbul,1.17,340,5
341,3/4/2020,Lisbon,1.28,341,3
342,3/4/2020,London,1,342,25
343,3/4/2020,Los Angeles,1.08,343,7
344,3/4/2020,Lyon,0.75,344,9
345,3/4/2020,Madrid,1,345,25
346,3/4/2020,Manchester,1,346,25
347,3/4/2020,Melbourne,1.14,347,8
348,3/4/2020,Mexico City,1.09,348,9
349,3/4/2020,Milan,0.43,349,8
350,3/4/2020,Monaco,0.81,350,14
351,3/4/2020,Montréal,1.03,351,17
352,3/4/2020,Moscow,1.13,352,8
353,3/4/2020,New York City,1.04,353,11
354,3/4/2020,Paris,0.95,354,22
355,3/4/2020,Philadelphia,0.89,355,19
356,3/4/2020,Rhine-Ruhr,0.75,356,9
357,3/4/2020,Rome,0.91,357,17
358,3/4/2020,San Francisco,0.96,358,11
359,3/4/2020,Seattle,0.8,359,10
360,3/4/2020,Seoul,0.48,360,10
361,3/4/2020,Singapore,0.9,361,9
362,3/4/2020,St. Petersburg,1.15,362,7
363,3/4/2020,Stockholm,0.97,363,23
364,3/4/2020,Sydney,1.06,364,14
365,3/4/2020,São Paulo,1.13,365,8
366,3/4/2020,Tokyo,0.63,366,4
367,3/4/2020,Toronto,0.97,367,23
368,3/4/2020,Vancouver,0.94,368,11
369,3/4/2020,Vienna,1.28,369,3
370,3/4/2020,Washington DC,0.97,370,23
372,3/5/2020,Amsterdam,1.09,372,9
373,3/5/2020,Barcelona,1.06,373,14
374,3/5/2020,Berlin,0.92,374,17
375,3/5/2020,Birmingham,1.04,375,11
376,3/5/2020,Boston,0.97,376,23
377,3/5/2020,Brussels,1.09,377,9
378,3/5/2020,Chicago,1,378,25
379,3/5/2020,Copenhagen,0.96,379,11
380,3/5/2020,Hamburg,0.87,380,14
381,3/5/2020,Hong Kong,0.52,381,16
382,3/5/2020,Istanbul,1.17,382,5
383,3/5/2020,Lisbon,1.25,383,3
384,3/5/2020,London,1.01,384,12
385,3/5/2020,Los Angeles,1.04,385,11
386,3/5/2020,Lyon,0.77,386,3
387,3/5/2020,Madrid,1.01,387,12
388,3/5/2020,Manchester,1,388,25
389,3/5/2020,Melbourne,1.06,389,14
390,3/5/2020,Mexico City,1.08,390,7
391,3/5/2020,Milan,0.39,391,11
392,3/5/2020,Monaco,0.6,392,5
393,3/5/2020,Montréal,1.04,393,11
394,3/5/2020,Moscow,1.03,394,17
395,3/5/2020,New York City,1.02,395,20
396,3/5/2020,Paris,0.98,396,18
397,3/5/2020,Philadelphia,0.96,397,11
398,3/5/2020,Rhine-Ruhr,0.82,398,12
399,3/5/2020,Rome,0.74,399,12
400,3/5/2020,San Francisco,0.95,400,22
401,3/5/2020,Seattle,0.72,401,12
402,3/5/2020,Seoul,0.46,402,9
403,3/5/2020,Singapore,0.87,403,14
404,3/5/2020,St. Petersburg,1.14,404,8
405,3/5/2020,Stockholm,0.98,405,18
406,3/5/2020,Sydney,1.05,406,12
407,3/5/2020,São Paulo,1.18,407,2
408,3/5/2020,Tokyo,0.61,408,4
409,3/5/2020,Toronto,1.05,409,12
410,3/5/2020,Vancouver,1.02,410,20
411,3/5/2020,Vienna,1.34,411,1
412,3/5/2020,Washington DC,0.96,412,11
414,3/6/2020,Amsterdam,1.07,414,15
415,3/6/2020,Barcelona,1.05,415,12
416,3/6/2020,Berlin,0.92,416,17
417,3/6/2020,Birmingham,1.08,417,7
418,3/6/2020,Boston,1.02,418,20
419,3/6/2020,Brussels,1.13,419,8
420,3/6/2020,Chicago,1.01,420,12
421,3/6/2020,Copenhagen,1.03,421,17
422,3/6/2020,Hamburg,0.88,422,19
423,3/6/2020,Hong Kong,0.54,423,12
424,3/6/2020,Istanbul,1.27,424,3
425,3/6/2020,Lisbon,1.23,425,3
426,3/6/2020,London,0.99,426,18
427,3/6/2020,Los Angeles,1,427,25
428,3/6/2020,Lyon,0.8,428,10
429,3/6/2020,Madrid,1.01,429,12
430,3/6/2020,Manchester,1.05,430,12
431,3/6/2020,Melbourne,1.04,431,11
432,3/6/2020,Mexico City,1.09,432,9
433,3/6/2020,Milan,0.37,433,13
434,3/6/2020,Monaco,0.75,434,9
435,3/6/2020,Montréal,1.02,435,20
436,3/6/2020,Moscow,1.08,436,7
437,3/6/2020,New York City,1.03,437,17
438,3/6/2020,Paris,0.99,438,18
439,3/6/2020,Philadelphia,0.95,439,22
440,3/6/2020,Rhine-Ruhr,0.86,440,17
441,3/6/2020,Rome,0.66,441,7
442,3/6/2020,San Francisco,0.93,442,22
443,3/6/2020,Seattle,0.71,443,5
444,3/6/2020,Seoul,0.46,444,9
445,3/6/2020,Singapore,0.9,445,9
446,3/6/2020,St. Petersburg,1.13,446,8
447,3/6/2020,Stockholm,1.05,447,12
448,3/6/2020,Sydney,1.07,448,15
449,3/6/2020,São Paulo,1.17,449,5
450,3/6/2020,Tokyo,0.63,450,4
451,3/6/2020,Toronto,1,451,25
452,3/6/2020,Vancouver,0.93,452,22
453,3/6/2020,Vienna,1.25,453,3
454,3/6/2020,Washington DC,0.92,454,17
456,3/7/2020,Amsterdam,1.06,456,14
457,3/7/2020,Barcelona,1.1,457,5
458,3/7/2020,Berlin,0.92,458,17
459,3/7/2020,Birmingham,1.11,459,3
460,3/7/2020,Boston,0.93,460,22
461,3/7/2020,Brussels,1.13,461,8
462,3/7/2020,Chicago,1.09,462,9
463,3/7/2020,Copenhagen,1.11,463,3
464,3/7/2020,Hamburg,0.93,464,22
465,3/7/2020,Hong Kong,0.55,465,8
466,3/7/2020,Istanbul,1.44,466,1
467,3/7/2020,Lisbon,1.27,467,3
468,3/7/2020,London,0.97,468,23
469,3/7/2020,Los Angeles,0.96,469,11
470,3/7/2020,Lyon,0.89,470,19
471,3/7/2020,Madrid,0.98,471,18
472,3/7/2020,Manchester,1.02,472,20
473,3/7/2020,Melbourne,1.04,473,11
474,3/7/2020,Mexico City,1.15,474,7
475,3/7/2020,Milan,0.34,475,9
476,3/7/2020,Monaco,0.65,476,7
477,3/7/2020,Montréal,1.07,477,15
478,3/7/2020,Moscow,1.02,478,20
479,3/7/2020,New York City,1.03,479,17
480,3/7/2020,Paris,0.99,480,18
481,3/7/2020,Philadelphia,1.01,481,12
482,3/7/2020,Rhine-Ruhr,0.8,482,10
483,3/7/2020,Rome,0.59,483,2
484,3/7/2020,San Francisco,0.85,484,13
485,3/7/2020,Seattle,0.68,485,7
486,3/7/2020,Seoul,0.43,486,8
487,3/7/2020,Singapore,0.89,487,19
488,3/7/2020,St. Petersburg,1.15,488,7
489,3/7/2020,Stockholm,1.06,489,14
490,3/7/2020,Sydney,1.08,490,7
491,3/7/2020,São Paulo,1.2,491,4
492,3/7/2020,Tokyo,0.57,492,10
493,3/7/2020,Toronto,1.09,493,9
494,3/7/2020,Vancouver,0.99,494,18
495,3/7/2020,Vienna,1.21,495,2
496,3/7/2020,Washington DC,1.01,496,12
498,3/8/2020,Amsterdam,0.97,498,23
499,3/8/2020,Barcelona,1.07,499,15
500,3/8/2020,Berlin,0.97,500,23
501,3/8/2020,Birmingham,1,501,25
502,3/8/2020,Boston,0.89,502,19
503,3/8/2020,Brussels,1.07,503,15
504,3/8/2020,Chicago,1.07,504,15
505,3/8/2020,Copenhagen,1.01,505,12
506,3/8/2020,Hamburg,0.88,506,19
507,3/8/2020,Hong Kong,0.53,507,14
508,3/8/2020,Istanbul,1.41,508,2
509,3/8/2020,Lisbon,1.18,509,2
510,3/8/2020,London,0.94,510,11
511,3/8/2020,Los Angeles,0.98,511,18
512,3/8/2020,Lyon,0.94,512,11
513,3/8/2020,Madrid,1.03,513,17
514,3/8/2020,Manchester,1.08,514,7
515,3/8/2020,Melbourne,0.93,515,22
516,3/8/2020,Mexico City,1.32,516,1
517,3/8/2020,Milan,0.23,517,15
518,3/8/2020,Monaco,0.64,518,2
519,3/8/2020,Montréal,1.14,519,8
520,3/8/2020,Moscow,0.97,520,23
521,3/8/2020,New York City,1.01,521,12
522,3/8/2020,Paris,0.95,522,22
523,3/8/2020,Philadelphia,1.03,523,17
524,3/8/2020,Rhine-Ruhr,0.81,524,14
525,3/8/2020,Rome,0.51,525,11
526,3/8/2020,San Francisco,0.88,526,19
527,3/8/2020,Seattle,0.74,527,12
528,3/8/2020,Seoul,0.51,528,11
529,3/8/2020,Singapore,0.88,529,19
530,3/8/2020,St. Petersburg,0.99,530,18
531,3/8/2020,Stockholm,0.99,531,18
532,3/8/2020,Sydney,1.09,532,9
533,3/8/2020,São Paulo,1.05,533,12
534,3/8/2020,Tokyo,0.53,534,14
535,3/8/2020,Toronto,1.06,535,14
536,3/8/2020,Vancouver,0.98,536,18
537,3/8/2020,Vienna,1.02,537,20
538,3/8/2020,Washington DC,0.98,538,18
540,3/9/2020,Amsterdam,0.93,540,22
541,3/9/2020,Barcelona,1.04,541,11
542,3/9/2020,Berlin,0.94,542,11
543,3/9/2020,Birmingham,1,543,25
544,3/9/2020,Boston,0.92,544,17
545,3/9/2020,Brussels,1.03,545,17
546,3/9/2020,Chicago,1.05,546,12
547,3/9/2020,Copenhagen,0.97,547,23
548,3/9/2020,Hamburg,0.87,548,14
549,3/9/2020,Hong Kong,0.54,549,12
550,3/9/2020,Istanbul,1.26,550,1
551,3/9/2020,Lisbon,1.2,551,4
552,3/9/2020,London,0.97,552,23
553,3/9/2020,Los Angeles,1.03,553,17
554,3/9/2020,Lyon,0.99,554,18
555,3/9/2020,Madrid,1,555,25
556,3/9/2020,Manchester,1.01,556,12
557,3/9/2020,Melbourne,0.93,557,22
558,3/9/2020,Mexico City,0.74,558,12
559,3/9/2020,Milan,0.19,559,15
560,3/9/2020,Monaco,0.7,560,5
561,3/9/2020,Montréal,0.96,561,11
562,3/9/2020,Moscow,0.86,562,17
563,3/9/2020,New York City,0.97,563,23
564,3/9/2020,Paris,0.86,564,17
565,3/9/2020,Philadelphia,1,565,25
566,3/9/2020,Rhine-Ruhr,0.71,566,5
567,3/9/2020,Rome,0.43,567,8
568,3/9/2020,San Francisco,0.83,568,10
569,3/9/2020,Seattle,0.57,569,10
570,3/9/2020,Seoul,0.46,570,9
571,3/9/2020,Singapore,0.87,571,14
572,3/9/2020,St. Petersburg,0.9,572,9
573,3/9/2020,Stockholm,0.92,573,17
574,3/9/2020,Sydney,1.07,574,15
575,3/9/2020,São Paulo,1.12,575,3
576,3/9/2020,Tokyo,0.5,576,15
577,3/9/2020,Toronto,0.94,577,11
578,3/9/2020,Vancouver,0.93,578,22
579,3/9/2020,Vienna,1.15,579,7
580,3/9/2020,Washington DC,0.94,580,11
582,3/10/2020,Amsterdam,0.86,582,17
583,3/10/2020,Barcelona,0.92,583,17
584,3/10/2020,Berlin,0.83,584,10
585,3/10/2020,Birmingham,0.98,585,18
586,3/10/2020,Boston,0.81,586,14
587,3/10/2020,Brussels,0.87,587,14
588,3/10/2020,Chicago,0.95,588,22
589,3/10/2020,Copenhagen,0.86,589,17
590,3/10/2020,Hamburg,0.74,590,12
591,3/10/2020,Hong Kong,0.55,591,8
592,3/10/2020,Istanbul,1.15,592,7
593,3/10/2020,Lisbon,1.14,593,8
594,3/10/2020,London,0.97,594,23
595,3/10/2020,Los Angeles,0.92,595,17
596,3/10/2020,Lyon,0.99,596,18
597,3/10/2020,Madrid,0.78,597,6
598,3/10/2020,Manchester,0.93,598,22
599,3/10/2020,Melbourne,1.06,599,14
600,3/10/2020,Mexico City,0.95,600,22
601,3/10/2020,Milan,0.13,601,95
602,3/10/2020,Monaco,0.74,602,12
603,3/10/2020,Montréal,0.99,603,18
604,3/10/2020,Moscow,1.06,604,14
605,3/10/2020,New York City,0.9,605,9
606,3/10/2020,Paris,0.88,606,19
607,3/10/2020,Philadelphia,0.85,607,13
608,3/10/2020,Rhine-Ruhr,0.68,608,7
609,3/10/2020,Rome,0.23,609,15
610,3/10/2020,San Francisco,0.74,610,12
611,3/10/2020,Seattle,0.57,611,10
612,3/10/2020,Seoul,0.41,612,14
613,3/10/2020,Singapore,0.95,613,22
614,3/10/2020,St. Petersburg,1.06,614,14
615,3/10/2020,Stockholm,0.87,615,14
616,3/10/2020,Sydney,0.98,616,18
617,3/10/2020,São Paulo,1.17,617,5
618,3/10/2020,Tokyo,0.58,618,3
619,3/10/2020,Toronto,0.95,619,22
620,3/10/2020,Vancouver,0.91,620,17
621,3/10/2020,Vienna,1.03,621,17
622,3/10/2020,Washington DC,0.83,622,10
624,3/11/2020,Amsterdam,0.86,624,17
625,3/11/2020,Barcelona,0.86,625,17
626,3/11/2020,Berlin,0.86,626,17
627,3/11/2020,Birmingham,0.91,627,17
628,3/11/2020,Boston,0.77,628,3
629,3/11/2020,Brussels,0.96,629,11
630,3/11/2020,Chicago,0.92,630,17
631,3/11/2020,Copenhagen,0.8,631,10
632,3/11/2020,Hamburg,0.72,632,12
633,3/11/2020,Hong Kong,0.52,633,16
634,3/11/2020,Istanbul,1.03,634,17
635,3/11/2020,Lisbon,1.08,635,7
636,3/11/2020,London,0.91,636,17
637,3/11/2020,Los Angeles,0.81,637,14
638,3/11/2020,Lyon,0.97,638,23
639,3/11/2020,Madrid,0.65,639,7
640,3/11/2020,Manchester,0.91,640,17
641,3/11/2020,Melbourne,1.1,641,5
642,3/11/2020,Mexico City,1.1,642,5
643,3/11/2020,Milan,0.1,643,98
644,3/11/2020,Monaco,0.5,644,15
645,3/11/2020,Montréal,1.04,645,11
646,3/11/2020,Moscow,1.14,646,8
647,3/11/2020,New York City,0.85,647,13
648,3/11/2020,Paris,0.89,648,19
649,3/11/2020,Philadelphia,0.85,649,13
650,3/11/2020,Rhine-Ruhr,0.72,650,12
651,3/11/2020,Rome,0.16,651,40
652,3/11/2020,San Francisco,0.65,652,7
653,3/11/2020,Seattle,0.51,653,11
654,3/11/2020,Seoul,0.43,654,8
655,3/11/2020,Singapore,0.88,655,19
656,3/11/2020,St. Petersburg,1.15,656,7
657,3/11/2020,Stockholm,0.83,657,10
658,3/11/2020,Sydney,0.99,658,18
659,3/11/2020,São Paulo,1.14,659,8
660,3/11/2020,Tokyo,0.54,660,12
661,3/11/2020,Toronto,0.91,661,17
662,3/11/2020,Vancouver,0.89,662,19
663,3/11/2020,Vienna,0.92,663,17
664,3/11/2020,Washington DC,0.82,664,12
666,3/12/2020,Amsterdam,0.74,666,12
667,3/12/2020,Barcelona,0.69,667,3
668,3/12/2020,Berlin,0.72,668,12
669,3/12/2020,Birmingham,0.95,669,22
670,3/12/2020,Boston,0.62,670,8
671,3/12/2020,Brussels,0.82,671,12
672,3/12/2020,Chicago,0.8,672,10
673,3/12/2020,Copenhagen,0.56,673,7
674,3/12/2020,Hamburg,0.67,674,8
675,3/12/2020,Hong Kong,0.54,675,12
676,3/12/2020,Istanbul,0.98,676,18
677,3/12/2020,Lisbon,0.85,677,13
678,3/12/2020,London,0.84,678,6
679,3/12/2020,Los Angeles,0.71,679,5
680,3/12/2020,Lyon,0.89,680,19
681,3/12/2020,Madrid,0.41,681,14
682,3/12/2020,Manchester,0.88,682,19
683,3/12/2020,Melbourne,1.02,683,20
684,3/12/2020,Mexico City,1.02,684,20
685,3/12/2020,Milan,0.07,685,100
686,3/12/2020,Monaco,0.55,686,8
687,3/12/2020,Montréal,1,687,25
688,3/12/2020,Moscow,1,688,25
689,3/12/2020,New York City,0.7,689,5
690,3/12/2020,Paris,0.81,690,14
691,3/12/2020,Philadelphia,0.7,691,5
692,3/12/2020,Rhine-Ruhr,0.67,692,8
693,3/12/2020,Rome,0.11,693,77
694,3/12/2020,San Francisco,0.58,694,3
695,3/12/2020,Seattle,0.43,695,8
696,3/12/2020,Seoul,0.45,696,10
697,3/12/2020,Singapore,0.84,697,6
698,3/12/2020,St. Petersburg,1.05,698,12
699,3/12/2020,Stockholm,0.71,699,5
700,3/12/2020,Sydney,1,700,25
701,3/12/2020,São Paulo,1.07,701,15
702,3/12/2020,Tokyo,0.5,702,15
703,3/12/2020,Toronto,0.87,703,14
704,3/12/2020,Vancouver,0.91,704,17
705,3/12/2020,Vienna,0.8,705,10
706,3/12/2020,Washington DC,0.66,706,7
708,3/13/2020,Amsterdam,0.6,708,5
709,3/13/2020,Barcelona,0.47,709,10
710,3/13/2020,Berlin,0.6,710,5
711,3/13/2020,Birmingham,0.89,711,19
712,3/13/2020,Boston,0.49,712,10
713,3/13/2020,Brussels,0.68,713,7
714,3/13/2020,Chicago,0.66,714,7
715,3/13/2020,Copenhagen,0.31,715,14
716,3/13/2020,Hamburg,0.59,716,2
717,3/13/2020,Hong Kong,0.53,717,14
718,3/13/2020,Istanbul,0.89,718,19
719,3/13/2020,Lisbon,0.68,719,7
720,3/13/2020,London,0.75,720,9
721,3/13/2020,Los Angeles,0.56,721,7
722,3/13/2020,Lyon,0.81,722,14
723,3/13/2020,Madrid,0.23,723,15
724,3/13/2020,Manchester,0.89,724,19
725,3/13/2020,Melbourne,0.95,725,22
726,3/13/2020,Mexico City,1.01,726,12
727,3/13/2020,Milan,0.06,727,112
728,3/13/2020,Monaco,0.5,728,15
729,3/13/2020,Montréal,0.87,729,14
730,3/13/2020,Moscow,0.95,730,22
731,3/13/2020,New York City,0.54,731,12
732,3/13/2020,Paris,0.74,732,12
733,3/13/2020,Philadelphia,0.57,733,10
734,3/13/2020,Rhine-Ruhr,0.52,734,16
735,3/13/2020,Rome,0.07,735,100
736,3/13/2020,San Francisco,0.49,736,10
737,3/13/2020,Seattle,0.41,737,14
738,3/13/2020,Seoul,0.41,738,14
739,3/13/2020,Singapore,0.83,739,10
740,3/13/2020,St. Petersburg,0.97,740,23
741,3/13/2020,Stockholm,0.66,741,7
742,3/13/2020,Sydney,0.92,742,17
743,3/13/2020,São Paulo,0.96,743,11
744,3/13/2020,Tokyo,0.46,744,9
745,3/13/2020,Toronto,0.78,745,6
746,3/13/2020,Vancouver,0.76,746,5
747,3/13/2020,Vienna,0.51,747,11
748,3/13/2020,Washington DC,0.54,748,12
750,3/14/2020,Amsterdam,0.52,750,16
751,3/14/2020,Barcelona,0.24,751,7
752,3/14/2020,Berlin,0.54,752,12
753,3/14/2020,Birmingham,0.84,753,6
754,3/14/2020,Boston,0.42,754,15
755,3/14/2020,Brussels,0.38,755,17
756,3/14/2020,Chicago,0.54,756,12
757,3/14/2020,Copenhagen,0.27,757,20
758,3/14/2020,Hamburg,0.48,758,10
759,3/14/2020,Hong Kong,0.56,759,7
760,3/14/2020,Istanbul,0.73,760,7
761,3/14/2020,Lisbon,0.62,761,8
762,3/14/2020,London,0.75,762,9
763,3/14/2020,Los Angeles,0.5,763,15
764,3/14/2020,Lyon,0.75,764,9
765,3/14/2020,Madrid,0.11,765,77
766,3/14/2020,Manchester,0.81,766,14
767,3/14/2020,Melbourne,0.89,767,19
768,3/14/2020,Mexico City,0.91,768,17
769,3/14/2020,Milan,0.05,769,139
770,3/14/2020,Monaco,0.35,770,15
771,3/14/2020,Montréal,0.79,771,6
772,3/14/2020,Moscow,1,772,25
773,3/14/2020,New York City,0.47,773,10
774,3/14/2020,Paris,0.65,774,7
775,3/14/2020,Philadelphia,0.5,775,15
776,3/14/2020,Rhine-Ruhr,0.48,776,10
777,3/14/2020,Rome,0.07,777,100
778,3/14/2020,San Francisco,0.4,778,8
779,3/14/2020,Seattle,0.36,779,17
780,3/14/2020,Seoul,0.4,780,8
781,3/14/2020,Singapore,0.85,781,13
782,3/14/2020,St. Petersburg,0.98,782,18
783,3/14/2020,Stockholm,0.65,783,7
784,3/14/2020,Sydney,0.72,784,12
785,3/14/2020,São Paulo,0.88,785,19
786,3/14/2020,Tokyo,0.39,786,11
787,3/14/2020,Toronto,0.72,787,12
788,3/14/2020,Vancouver,0.74,788,12
789,3/14/2020,Vienna,0.41,789,14
790,3/14/2020,Washington DC,0.47,790,10
792,3/15/2020,Amsterdam,0.43,792,8
793,3/15/2020,Barcelona,0.16,793,40
794,3/15/2020,Berlin,0.45,794,10
795,3/15/2020,Birmingham,0.72,795,12
796,3/15/2020,Boston,0.35,796,15
797,3/15/2020,Brussels,0.33,797,9
798,3/15/2020,Chicago,0.49,798,10
799,3/15/2020,Copenhagen,0.21,799,8
800,3/15/2020,Hamburg,0.45,800,10
801,3/15/2020,Hong Kong,0.55,801,8
802,3/15/2020,Istanbul,0.52,802,16
803,3/15/2020,Lisbon,0.45,803,10
804,3/15/2020,London,0.67,804,8
805,3/15/2020,Los Angeles,0.44,805,12
806,3/15/2020,Lyon,0.53,806,14
807,3/15/2020,Madrid,0.1,807,98
808,3/15/2020,Manchester,0.77,808,3
809,3/15/2020,Melbourne,0.81,809,14
810,3/15/2020,Mexico City,0.82,810,12
811,3/15/2020,Milan,0.05,811,139
812,3/15/2020,Monaco,0.3,812,14
813,3/15/2020,Montréal,0.69,813,3
814,3/15/2020,Moscow,0.8,814,10
815,3/15/2020,New York City,0.36,815,17
816,3/15/2020,Paris,0.47,816,10
817,3/15/2020,Philadelphia,0.39,817,11
818,3/15/2020,Rhine-Ruhr,0.44,818,12
819,3/15/2020,Rome,0.05,819,139
820,3/15/2020,San Francisco,0.38,820,17
821,3/15/2020,Seattle,0.42,821,15
822,3/15/2020,Seoul,0.38,822,17
823,3/15/2020,Singapore,0.82,823,12
824,3/15/2020,St. Petersburg,0.97,824,23
825,3/15/2020,Stockholm,0.53,825,14
826,3/15/2020,Sydney,0.75,826,9
827,3/15/2020,São Paulo,0.73,827,7
828,3/15/2020,Tokyo,0.39,828,11
829,3/15/2020,Toronto,0.67,829,8
830,3/15/2020,Vancouver,0.7,830,5
831,3/15/2020,Vienna,0.3,831,14
832,3/15/2020,Washington DC,0.35,832,15
834,3/16/2020,Amsterdam,0.28,834,16
835,3/16/2020,Barcelona,0.12,835,87
836,3/16/2020,Berlin,0.41,836,14
837,3/16/2020,Birmingham,0.65,837,7
838,3/16/2020,Boston,0.29,838,13
839,3/16/2020,Brussels,0.33,839,9
840,3/16/2020,Chicago,0.34,840,9
841,3/16/2020,Copenhagen,0.17,841,31
842,3/16/2020,Hamburg,0.39,842,11
843,3/16/2020,Hong Kong,0.54,843,12
844,3/16/2020,Istanbul,0.49,844,10
845,3/16/2020,Lisbon,0.35,845,15
846,3/16/2020,London,0.6,846,5
847,3/16/2020,Los Angeles,0.39,847,11
848,3/16/2020,Lyon,0.36,848,17
849,3/16/2020,Madrid,0.09,849,75
850,3/16/2020,Manchester,0.68,850,7
851,3/16/2020,Melbourne,0.79,851,6
852,3/16/2020,Mexico City,0.43,852,8
853,3/16/2020,Milan,0.07,853,100
854,3/16/2020,Monaco,0.33,854,9
855,3/16/2020,Montréal,0.51,855,11
856,3/16/2020,Moscow,0.85,856,13
857,3/16/2020,New York City,0.3,857,14
858,3/16/2020,Paris,0.33,858,9
859,3/16/2020,Philadelphia,0.38,859,17
860,3/16/2020,Rhine-Ruhr,0.35,860,15
861,3/16/2020,Rome,0.08,861,86
862,3/16/2020,San Francisco,0.33,862,9
863,3/16/2020,Seattle,0.29,863,13
864,3/16/2020,Seoul,0.44,864,12
865,3/16/2020,Singapore,0.8,865,10
866,3/16/2020,St. Petersburg,1,866,25
867,3/16/2020,Stockholm,0.52,867,16
868,3/16/2020,Sydney,0.66,868,7
869,3/16/2020,São Paulo,0.62,869,8
870,3/16/2020,Tokyo,0.37,870,13
871,3/16/2020,Toronto,0.51,871,11
872,3/16/2020,Vancouver,0.67,872,8
873,3/16/2020,Vienna,0.15,873,51
874,3/16/2020,Washington DC,0.32,874,10
876,3/17/2020,Amsterdam,0.16,876,40
877,3/17/2020,Barcelona,0.08,877,86
878,3/17/2020,Berlin,0.28,878,16
879,3/17/2020,Birmingham,0.55,879,8
880,3/17/2020,Boston,0.19,880,15
881,3/17/2020,Brussels,0.23,881,15
882,3/17/2020,Chicago,0.21,882,8
883,3/17/2020,Copenhagen,0.15,883,51
884,3/17/2020,Hamburg,0.27,884,20
885,3/17/2020,Hong Kong,0.52,885,16
886,3/17/2020,Istanbul,0.31,886,14
887,3/17/2020,Lisbon,0.27,887,20
888,3/17/2020,London,0.44,888,12
889,3/17/2020,Los Angeles,0.27,889,20
890,3/17/2020,Lyon,0.14,890,58
891,3/17/2020,Madrid,0.06,891,112
892,3/17/2020,Manchester,0.47,892,10
893,3/17/2020,Melbourne,0.66,893,7
894,3/17/2020,Mexico City,0.62,894,8
895,3/17/2020,Milan,0.06,895,112
896,3/17/2020,Monaco,0.2,896,12
897,3/17/2020,Montréal,0.34,897,9
898,3/17/2020,Moscow,0.82,898,12
899,3/17/2020,New York City,0.2,899,12
900,3/17/2020,Paris,0.15,900,51
901,3/17/2020,Philadelphia,0.28,901,16
902,3/17/2020,Rhine-Ruhr,0.27,902,20
903,3/17/2020,Rome,0.06,903,112
904,3/17/2020,San Francisco,0.14,904,58
905,3/17/2020,Seattle,0.23,905,15
906,3/17/2020,Seoul,0.4,906,8
907,3/17/2020,Singapore,0.81,907,14
908,3/17/2020,St. Petersburg,0.89,908,19
909,3/17/2020,Stockholm,0.39,909,11
910,3/17/2020,Sydney,0.61,910,4
911,3/17/2020,São Paulo,0.45,911,10
912,3/17/2020,Tokyo,0.46,912,9
913,3/17/2020,Toronto,0.4,913,8
914,3/17/2020,Vancouver,0.45,914,10
915,3/17/2020,Vienna,0.08,915,86
916,3/17/2020,Washington DC,0.19,916,15
918,3/18/2020,Amsterdam,0.13,918,95
919,3/18/2020,Barcelona,0.06,919,112
920,3/18/2020,Berlin,0.26,920,6
921,3/18/2020,Birmingham,0.45,921,10
922,3/18/2020,Boston,0.16,922,40
923,3/18/2020,Brussels,0.15,923,51
924,3/18/2020,Chicago,0.16,924,40
925,3/18/2020,Copenhagen,0.11,925,77
926,3/18/2020,Hamburg,0.2,926,12
927,3/18/2020,Hong Kong,0.48,927,10
928,3/18/2020,Istanbul,0.2,928,12
929,3/18/2020,Lisbon,0.24,929,7
930,3/18/2020,London,0.36,930,17
931,3/18/2020,Los Angeles,0.23,931,15
932,3/18/2020,Lyon,0.06,932,112
933,3/18/2020,Madrid,0.05,933,139
934,3/18/2020,Manchester,0.42,934,15
935,3/18/2020,Melbourne,0.53,935,14
936,3/18/2020,Mexico City,0.53,936,14
937,3/18/2020,Milan,0.05,937,139
938,3/18/2020,Monaco,0.12,938,87
939,3/18/2020,Montréal,0.31,939,14
940,3/18/2020,Moscow,0.75,940,9
941,3/18/2020,New York City,0.17,941,31
942,3/18/2020,Paris,0.08,942,86
943,3/18/2020,Philadelphia,0.22,943,5
944,3/18/2020,Rhine-Ruhr,0.29,944,13
945,3/18/2020,Rome,0.06,945,112
946,3/18/2020,San Francisco,0.09,946,75
947,3/18/2020,Seattle,0.19,947,15
948,3/18/2020,Seoul,0.41,948,14
949,3/18/2020,Singapore,0.79,949,6
950,3/18/2020,St. Petersburg,0.85,950,13
951,3/18/2020,Stockholm,0.34,951,9
952,3/18/2020,Sydney,0.57,952,10
953,3/18/2020,São Paulo,0.33,953,9
954,3/18/2020,Tokyo,0.42,954,15
955,3/18/2020,Toronto,0.32,955,10
956,3/18/2020,Vancouver,0.38,956,17
957,3/18/2020,Vienna,0.09,957,75
958,3/18/2020,Washington DC,0.15,958,51
960,3/19/2020,Amsterdam,0.1,960,98
961,3/19/2020,Barcelona,0.05,961,139
962,3/19/2020,Berlin,0.18,962,30
963,3/19/2020,Birmingham,0.42,963,15
964,3/19/2020,Boston,0.12,964,87
965,3/19/2020,Brussels,0.09,965,75
966,3/19/2020,Chicago,0.14,966,58
967,3/19/2020,Copenhagen,0.13,967,95
968,3/19/2020,Hamburg,0.19,968,15
969,3/19/2020,Hong Kong,0.46,969,9
970,3/19/2020,Istanbul,0.16,970,40
971,3/19/2020,Lisbon,0.17,971,31
972,3/19/2020,London,0.39,972,11
973,3/19/2020,Los Angeles,0.2,973,12
974,3/19/2020,Lyon,0.05,974,139
975,3/19/2020,Madrid,0.05,975,139
976,3/19/2020,Manchester,0.38,976,17
977,3/19/2020,Melbourne,0.5,977,15
978,3/19/2020,Mexico City,0.48,978,10
979,3/19/2020,Milan,0.04,979,110
980,3/19/2020,Monaco,0.1,980,98
981,3/19/2020,Montréal,0.27,981,20
982,3/19/2020,Moscow,0.64,982,2
983,3/19/2020,New York City,0.13,983,95
984,3/19/2020,Paris,0.07,984,100
985,3/19/2020,Philadelphia,0.19,985,15
986,3/19/2020,Rhine-Ruhr,0.22,986,5
987,3/19/2020,Rome,0.06,987,112
988,3/19/2020,San Francisco,0.09,988,75
989,3/19/2020,Seattle,0.17,989,31
990,3/19/2020,Seoul,0.36,990,17
991,3/19/2020,Singapore,0.73,991,7
992,3/19/2020,St. Petersburg,0.76,992,5
993,3/19/2020,Stockholm,0.36,993,17
994,3/19/2020,Sydney,0.54,994,12
995,3/19/2020,São Paulo,0.25,995,8
996,3/19/2020,Tokyo,0.37,996,13
997,3/19/2020,Toronto,0.31,997,14
998,3/19/2020,Vancouver,0.34,998,9
999,3/19/2020,Vienna,0.07,999,100
1000,3/19/2020,Washington DC,0.13,1000,95
1002,3/20/2020,Amsterdam,0.08,1002,86
1003,3/20/2020,Barcelona,0.05,1003,139
1004,3/20/2020,Berlin,0.13,1004,95
1005,3/20/2020,Birmingham,0.38,1005,17
1006,3/20/2020,Boston,0.12,1006,87
1007,3/20/2020,Brussels,0.07,1007,100
1008,3/20/2020,Chicago,0.13,1008,95
1009,3/20/2020,Copenhagen,0.08,1009,86
1010,3/20/2020,Hamburg,0.14,1010,58
1011,3/20/2020,Hong Kong,0.44,1011,12
1012,3/20/2020,Istanbul,0.14,1012,58
1013,3/20/2020,Lisbon,0.13,1013,95
1014,3/20/2020,London,0.31,1014,14
1015,3/20/2020,Los Angeles,0.19,1015,15
1016,3/20/2020,Lyon,0.05,1016,139
1017,3/20/2020,Madrid,0.04,1017,110
1018,3/20/2020,Manchester,0.36,1018,17
1019,3/20/2020,Melbourne,0.49,1019,10
1020,3/20/2020,Mexico City,0.42,1020,15
1021,3/20/2020,Milan,0.04,1021,110
1022,3/20/2020,Monaco,0.08,1022,86
1023,3/20/2020,Montréal,0.24,1023,7
1024,3/20/2020,Moscow,0.57,1024,10
1025,3/20/2020,New York City,0.12,1025,87
1026,3/20/2020,Paris,0.06,1026,112
1027,3/20/2020,Philadelphia,0.19,1027,15
1028,3/20/2020,Rhine-Ruhr,0.16,1028,40
1029,3/20/2020,Rome,0.05,1029,139
1030,3/20/2020,San Francisco,0.09,1030,75
1031,3/20/2020,Seattle,0.16,1031,40
1032,3/20/2020,Seoul,0.44,1032,12
1033,3/20/2020,Singapore,0.73,1033,7
1034,3/20/2020,St. Petersburg,0.72,1034,12
1035,3/20/2020,Stockholm,0.3,1035,14
1036,3/20/2020,Sydney,0.57,1036,10
1037,3/20/2020,São Paulo,0.19,1037,15
1038,3/20/2020,Tokyo,0.35,1038,15
1039,3/20/2020,Toronto,0.27,1039,20
1040,3/20/2020,Vancouver,0.27,1040,20
1041,3/20/2020,Vienna,0.05,1041,139
1042,3/20/2020,Washington DC,0.12,1042,87
1044,3/21/2020,Amsterdam,0.08,1044,86
1045,3/21/2020,Barcelona,0.04,1045,110
1046,3/21/2020,Berlin,0.12,1046,87
1047,3/21/2020,Birmingham,0.31,1047,14
1048,3/21/2020,Boston,0.11,1048,77
1049,3/21/2020,Brussels,0.07,1049,100
1050,3/21/2020,Chicago,0.12,1050,87
1051,3/21/2020,Copenhagen,0.09,1051,75
1052,3/21/2020,Hamburg,0.09,1052,75
1053,3/21/2020,Hong Kong,0.41,1053,14
1054,3/21/2020,Istanbul,0.11,1054,77
1055,3/21/2020,Lisbon,0.13,1055,95
1056,3/21/2020,London,0.23,1056,15
1057,3/21/2020,Los Angeles,0.15,1057,51
1058,3/21/2020,Lyon,0.04,1058,110
1059,3/21/2020,Madrid,0.04,1059,110
1060,3/21/2020,Manchester,0.26,1060,6
1061,3/21/2020,Melbourne,0.46,1061,9
1062,3/21/2020,Mexico City,0.31,1062,14
1063,3/21/2020,Milan,0.03,1063,72
1064,3/21/2020,Monaco,0.04,1064,110
1065,3/21/2020,Montréal,0.23,1065,15
1066,3/21/2020,Moscow,0.53,1066,14
1067,3/21/2020,New York City,0.1,1067,98
1068,3/21/2020,Paris,0.05,1068,139
1069,3/21/2020,Philadelphia,0.19,1069,15
1070,3/21/2020,Rhine-Ruhr,0.13,1070,95
1071,3/21/2020,Rome,0.05,1071,139
1072,3/21/2020,San Francisco,0.09,1072,75
1073,3/21/2020,Seattle,0.18,1073,30
1074,3/21/2020,Seoul,0.39,1074,11
1075,3/21/2020,Singapore,0.75,1075,9
1076,3/21/2020,St. Petersburg,0.65,1076,7
1077,3/21/2020,Stockholm,0.31,1077,14
1078,3/21/2020,Sydney,0.47,1078,10
1079,3/21/2020,São Paulo,0.17,1079,31
1080,3/21/2020,Tokyo,0.27,1080,20
1081,3/21/2020,Toronto,0.3,1081,14
1082,3/21/2020,Vancouver,0.27,1082,20
1083,3/21/2020,Vienna,0.03,1083,72
1084,3/21/2020,Washington DC,0.14,1084,58
1086,3/22/2020,Amsterdam,0.07,1086,100
1087,3/22/2020,Barcelona,0.03,1087,72
1088,3/22/2020,Berlin,0.11,1088,77
1089,3/22/2020,Birmingham,0.25,1089,8
1090,3/22/2020,Boston,0.1,1090,98
1091,3/22/2020,Brussels,0.08,1091,86
1092,3/22/2020,Chicago,0.1,1092,98
1093,3/22/2020,Copenhagen,0.08,1093,86
1094,3/22/2020,Hamburg,0.12,1094,87
1095,3/22/2020,Hong Kong,0.42,1095,15
1096,3/22/2020,Istanbul,0.11,1096,77
1097,3/22/2020,Lisbon,0.11,1097,77
1098,3/22/2020,London,0.23,1098,15
1099,3/22/2020,Los Angeles,0.13,1099,95
1100,3/22/2020,Lyon,0.04,1100,110
1101,3/22/2020,Madrid,0.04,1101,110
1102,3/22/2020,Manchester,0.26,1102,6
1103,3/22/2020,Melbourne,0.42,1103,15
1104,3/22/2020,Mexico City,0.28,1104,16
1105,3/22/2020,Milan,0.03,1105,72
1106,3/22/2020,Monaco,0.07,1106,100
1107,3/22/2020,Montréal,0.21,1107,8
1108,3/22/2020,Moscow,0.56,1108,7
1109,3/22/2020,New York City,0.08,1109,86
1110,3/22/2020,Paris,0.06,1110,112
1111,3/22/2020,Philadelphia,0.17,1111,31
1112,3/22/2020,Rhine-Ruhr,0.15,1112,51
1113,3/22/2020,Rome,0.04,1113,110
1114,3/22/2020,San Francisco,0.09,1114,75
1115,3/22/2020,Seattle,0.18,1115,30
1116,3/22/2020,Seoul,0.38,1116,17
1117,3/22/2020,Singapore,0.67,1117,8
1118,3/22/2020,St. Petersburg,0.63,1118,4
1119,3/22/2020,Stockholm,0.3,1119,14
1120,3/22/2020,Sydney,0.45,1120,10
1121,3/22/2020,São Paulo,0.17,1121,31
1122,3/22/2020,Tokyo,0.23,1122,15
1123,3/22/2020,Toronto,0.27,1123,20
1124,3/22/2020,Vancouver,0.22,1124,5
1125,3/22/2020,Vienna,0.05,1125,139
1126,3/22/2020,Washington DC,0.11,1126,77
1128,3/23/2020,Amsterdam,0.07,1128,100
1129,3/23/2020,Barcelona,0.05,1129,139
1130,3/23/2020,Berlin,0.13,1130,95
1131,3/23/2020,Birmingham,0.31,1131,14
1132,3/23/2020,Boston,0.1,1132,98
1133,3/23/2020,Brussels,0.08,1133,86
1134,3/23/2020,Chicago,0.09,1134,75
1135,3/23/2020,Copenhagen,0.1,1135,98
1136,3/23/2020,Hamburg,0.15,1136,51
1137,3/23/2020,Hong Kong,0.4,1137,8
1138,3/23/2020,Istanbul,0.11,1138,77
1139,3/23/2020,Lisbon,0.14,1139,58
1140,3/23/2020,London,0.25,1140,8
1141,3/23/2020,Los Angeles,0.16,1141,40
1142,3/23/2020,Lyon,0.05,1142,139
1143,3/23/2020,Madrid,0.05,1143,139
1144,3/23/2020,Manchester,0.28,1144,16
1145,3/23/2020,Melbourne,0.33,1145,9
1146,3/23/2020,Mexico City,0.3,1146,14
1147,3/23/2020,Milan,0.04,1147,110
1148,3/23/2020,Monaco,0.05,1148,139
1149,3/23/2020,Montréal,0.18,1149,30
1150,3/23/2020,Moscow,0.57,1150,10
1151,3/23/2020,New York City,0.08,1151,86
1152,3/23/2020,Paris,0.07,1152,100
1153,3/23/2020,Philadelphia,0.17,1153,31
1154,3/23/2020,Rhine-Ruhr,0.17,1154,31
1155,3/23/2020,Rome,0.06,1155,112
1156,3/23/2020,San Francisco,0.08,1156,86
1157,3/23/2020,Seattle,0.14,1157,58
1158,3/23/2020,Seoul,0.36,1158,17
1159,3/23/2020,Singapore,0.63,1159,4
1160,3/23/2020,St. Petersburg,0.73,1160,7
1161,3/23/2020,Stockholm,0.35,1161,15
1162,3/23/2020,Sydney,0.29,1162,13
1163,3/23/2020,São Paulo,0.13,1163,95
1164,3/23/2020,Tokyo,0.18,1164,30
1165,3/23/2020,Toronto,0.23,1165,15
1166,3/23/2020,Vancouver,0.24,1166,7
1167,3/23/2020,Vienna,0.06,1167,112
1168,3/23/2020,Washington DC,0.09,1168,75
1170,3/24/2020,Amsterdam,0.07,1170,100
1171,3/24/2020,Barcelona,0.04,1171,110
1172,3/24/2020,Berlin,0.12,1172,87
1173,3/24/2020,Birmingham,0.21,1173,8
1174,3/24/2020,Boston,0.08,1174,86
1175,3/24/2020,Brussels,0.07,1175,100
1176,3/24/2020,Chicago,0.09,1176,75
1177,3/24/2020,Copenhagen,0.1,1177,98
1178,3/24/2020,Hamburg,0.12,1178,87
1179,3/24/2020,Hong Kong,0.38,1179,17
1180,3/24/2020,Istanbul,0.1,1180,98
1181,3/24/2020,Lisbon,0.12,1181,87
1182,3/24/2020,London,0.15,1182,51
1183,3/24/2020,Los Angeles,0.12,1183,87
1184,3/24/2020,Lyon,0.05,1184,139
1185,3/24/2020,Madrid,0.05,1185,139
1186,3/24/2020,Manchester,0.16,1186,40
1187,3/24/2020,Melbourne,0.25,1187,8
1188,3/24/2020,Mexico City,0.29,1188,13
1189,3/24/2020,Milan,0.04,1189,110
1190,3/24/2020,Monaco,0.1,1190,98
1191,3/24/2020,Montréal,0.16,1191,40
1192,3/24/2020,Moscow,0.57,1192,10
1193,3/24/2020,New York City,0.08,1193,86
1194,3/24/2020,Paris,0.06,1194,112
1195,3/24/2020,Philadelphia,0.13,1195,95
1196,3/24/2020,Rhine-Ruhr,0.16,1196,40
1197,3/24/2020,Rome,0.04,1197,110
1198,3/24/2020,San Francisco,0.06,1198,112
1199,3/24/2020,Seattle,0.1,1199,98
1200,3/24/2020,Seoul,0.36,1200,17
1201,3/24/2020,Singapore,0.66,1201,7
1202,3/24/2020,St. Petersburg,0.68,1202,7
1203,3/24/2020,Stockholm,0.32,1203,10
1204,3/24/2020,Sydney,0.23,1204,15
1205,3/24/2020,São Paulo,0.11,1205,77
1206,3/24/2020,Tokyo,0.18,1206,30
1207,3/24/2020,Toronto,0.22,1207,5
1208,3/24/2020,Vancouver,0.18,1208,30
1209,3/24/2020,Vienna,0.06,1209,112
1210,3/24/2020,Washington DC,0.07,1210,100
1212,3/25/2020,Amsterdam,0.06,1212,112
1213,3/25/2020,Barcelona,0.04,1213,110
1214,3/25/2020,Berlin,0.12,1214,87
1215,3/25/2020,Birmingham,0.18,1215,30
1216,3/25/2020,Boston,0.07,1216,100
1217,3/25/2020,Brussels,0.07,1217,100
1218,3/25/2020,Chicago,0.07,1218,100
1219,3/25/2020,Copenhagen,0.11,1219,77
1220,3/25/2020,Hamburg,0.12,1220,87
1221,3/25/2020,Hong Kong,0.37,1221,13
1222,3/25/2020,Istanbul,0.1,1222,98
1223,3/25/2020,Lisbon,0.12,1223,87
1224,3/25/2020,London,0.12,1224,87
1225,3/25/2020,Los Angeles,0.13,1225,95
1226,3/25/2020,Lyon,0.04,1226,110
1227,3/25/2020,Madrid,0.04,1227,110
1228,3/25/2020,Manchester,0.13,1228,95
1229,3/25/2020,Melbourne,0.2,1229,12
1230,3/25/2020,Mexico City,0.23,1230,15
1231,3/25/2020,Milan,0.03,1231,72
1232,3/25/2020,Monaco,0.07,1232,100
1233,3/25/2020,Montréal,0.14,1233,58
1234,3/25/2020,Moscow,0.54,1234,12
1235,3/25/2020,New York City,0.07,1235,100
1236,3/25/2020,Paris,0.06,1236,112
1237,3/25/2020,Philadelphia,0.13,1237,95
1238,3/25/2020,Rhine-Ruhr,0.15,1238,51
1239,3/25/2020,Rome,0.05,1239,139
1240,3/25/2020,San Francisco,0.06,1240,112
1241,3/25/2020,Seattle,0.08,1241,86
1242,3/25/2020,Seoul,0.37,1242,13
1243,3/25/2020,Singapore,0.62,1243,8
1244,3/25/2020,St. Petersburg,0.69,1244,3
1245,3/25/2020,Stockholm,0.32,1245,10
1246,3/25/2020,Sydney,0.2,1246,12
1247,3/25/2020,São Paulo,0.12,1247,87
1248,3/25/2020,Tokyo,0.21,1248,8
1249,3/25/2020,Toronto,0.19,1249,15
1250,3/25/2020,Vancouver,0.16,1250,40
1251,3/25/2020,Vienna,0.06,1251,112
1252,3/25/2020,Washington DC,0.06,1252,112
1254,3/26/2020,Amsterdam,0.06,1254,112
1255,3/26/2020,Barcelona,0.03,1255,72
1256,3/26/2020,Berlin,0.11,1256,77
1257,3/26/2020,Birmingham,0.16,1257,40
1258,3/26/2020,Boston,0.07,1258,100
1259,3/26/2020,Brussels,0.08,1259,86
1260,3/26/2020,Chicago,0.07,1260,100
1261,3/26/2020,Copenhagen,0.08,1261,86
1262,3/26/2020,Hamburg,0.1,1262,98
1263,3/26/2020,Hong Kong,0.36,1263,17
1264,3/26/2020,Istanbul,0.1,1264,98
1265,3/26/2020,Lisbon,0.1,1265,98
1266,3/26/2020,London,0.1,1266,98
1267,3/26/2020,Los Angeles,0.12,1267,87
1268,3/26/2020,Lyon,0.04,1268,110
1269,3/26/2020,Madrid,0.04,1269,110
1270,3/26/2020,Manchester,0.12,1270,87
1271,3/26/2020,Melbourne,0.2,1271,12
1272,3/26/2020,Mexico City,0.21,1272,8
1273,3/26/2020,Milan,0.03,1273,72
1274,3/26/2020,Monaco,0.07,1274,100
1275,3/26/2020,Montréal,0.13,1275,95
1276,3/26/2020,Moscow,0.49,1276,10
1277,3/26/2020,New York City,0.08,1277,86
1278,3/26/2020,Paris,0.06,1278,112
1279,3/26/2020,Philadelphia,0.15,1279,51
1280,3/26/2020,Rhine-Ruhr,0.16,1280,40
1281,3/26/2020,Rome,0.04,1281,110
1282,3/26/2020,San Francisco,0.06,1282,112
1283,3/26/2020,Seattle,0.09,1283,75
1284,3/26/2020,Seoul,0.36,1284,17
1285,3/26/2020,Singapore,0.57,1285,10
1286,3/26/2020,St. Petersburg,0.58,1286,3
1287,3/26/2020,Stockholm,0.26,1287,6
1288,3/26/2020,Sydney,0.18,1288,30
1289,3/26/2020,São Paulo,0.11,1289,77
1290,3/26/2020,Tokyo,0.15,1290,51
1291,3/26/2020,Toronto,0.18,1291,30
1292,3/26/2020,Vancouver,0.17,1292,31
1293,3/26/2020,Vienna,0.06,1293,112
1294,3/26/2020,Washington DC,0.07,1294,100
1296,3/27/2020,Amsterdam,0.05,1296,139
1297,3/27/2020,Barcelona,0.03,1297,72
1298,3/27/2020,Berlin,0.1,1298,98
1299,3/27/2020,Birmingham,0.14,1299,58
1300,3/27/2020,Boston,0.07,1300,100
1301,3/27/2020,Brussels,0.07,1301,100
1302,3/27/2020,Chicago,0.07,1302,100
1303,3/27/2020,Copenhagen,0.08,1303,86
1304,3/27/2020,Hamburg,0.11,1304,77
1305,3/27/2020,Hong Kong,0.34,1305,9
1306,3/27/2020,Istanbul,0.08,1306,86
1307,3/27/2020,Lisbon,0.1,1307,98
1308,3/27/2020,London,0.09,1308,75
1309,3/27/2020,Los Angeles,0.11,1309,77
1310,3/27/2020,Lyon,0.04,1310,110
1311,3/27/2020,Madrid,0.03,1311,72
1312,3/27/2020,Manchester,0.12,1312,87
1313,3/27/2020,Melbourne,0.18,1313,30
1314,3/27/2020,Mexico City,0.18,1314,30
1315,3/27/2020,Milan,0.03,1315,72
1316,3/27/2020,Monaco,0.07,1316,100
1317,3/27/2020,Montréal,0.13,1317,95
1318,3/27/2020,Moscow,0.46,1318,9
1319,3/27/2020,New York City,0.07,1319,100
1320,3/27/2020,Paris,0.05,1320,139
1321,3/27/2020,Philadelphia,0.14,1321,58
1322,3/27/2020,Rhine-Ruhr,0.13,1322,95
1323,3/27/2020,Rome,0.04,1323,110
1324,3/27/2020,San Francisco,0.06,1324,112
1325,3/27/2020,Seattle,0.08,1325,86
1326,3/27/2020,Seoul,0.37,1326,13
1327,3/27/2020,Singapore,0.53,1327,14
1328,3/27/2020,St. Petersburg,0.56,1328,7
1329,3/27/2020,Stockholm,0.27,1329,20
1330,3/27/2020,Sydney,0.18,1330,30
1331,3/27/2020,São Paulo,0.12,1331,87
1332,3/27/2020,Tokyo,0.12,1332,87
1333,3/27/2020,Toronto,0.18,1333,30
1334,3/27/2020,Vancouver,0.13,1334,95
1335,3/27/2020,Vienna,0.05,1335,139
1336,3/27/2020,Washington DC,0.06,1336,112
1338,3/28/2020,Amsterdam,0.05,1338,139
1339,3/28/2020,Barcelona,0.03,1339,72
1340,3/28/2020,Berlin,0.1,1340,98
1341,3/28/2020,Birmingham,0.14,1341,58
1342,3/28/2020,Boston,0.06,1342,112
1343,3/28/2020,Brussels,0.06,1343,112
1344,3/28/2020,Chicago,0.07,1344,100
1345,3/28/2020,Copenhagen,0.08,1345,86
1346,3/28/2020,Hamburg,0.11,1346,77
1347,3/28/2020,Hong Kong,0.29,1347,13
1348,3/28/2020,Istanbul,0.07,1348,100
1349,3/28/2020,Lisbon,0.12,1349,87
1350,3/28/2020,London,0.08,1350,86
1351,3/28/2020,Los Angeles,0.1,1351,98
1352,3/28/2020,Lyon,0.04,1352,110
1353,3/28/2020,Madrid,0.03,1353,72
1354,3/28/2020,Manchester,0.1,1354,98
1355,3/28/2020,Melbourne,0.18,1355,30
1356,3/28/2020,Mexico City,0.16,1356,40
1357,3/28/2020,Milan,0.02,1357,12
1358,3/28/2020,Monaco,0.07,1358,100
1359,3/28/2020,Montréal,0.12,1359,87
1360,3/28/2020,Moscow,0.32,1360,10
1361,3/28/2020,New York City,0.06,1361,112
1362,3/28/2020,Paris,0.05,1362,139
1363,3/28/2020,Philadelphia,0.11,1363,77
1364,3/28/2020,Rhine-Ruhr,0.12,1364,87
1365,3/28/2020,Rome,0.04,1365,110
1366,3/28/2020,San Francisco,0.06,1366,112
1367,3/28/2020,Seattle,0.1,1367,98
1368,3/28/2020,Seoul,0.36,1368,17
1369,3/28/2020,Singapore,0.56,1369,7
1370,3/28/2020,St. Petersburg,0.35,1370,15
1371,3/28/2020,Stockholm,0.28,1371,16
1372,3/28/2020,Sydney,0.18,1372,30
1373,3/28/2020,São Paulo,0.13,1373,95
1374,3/28/2020,Tokyo,0.12,1374,87
1375,3/28/2020,Toronto,0.19,1375,15
1376,3/28/2020,Vancouver,0.13,1376,95
1377,3/28/2020,Vienna,0.05,1377,139
1378,3/28/2020,Washington DC,0.06,1378,112
1380,3/29/2020,Amsterdam,0.05,1380,139
1381,3/29/2020,Barcelona,0.03,1381,72
1382,3/29/2020,Berlin,0.08,1382,86
1383,3/29/2020,Birmingham,0.14,1383,58
1384,3/29/2020,Boston,0.06,1384,112
1385,3/29/2020,Brussels,0.06,1385,112
1386,3/29/2020,Chicago,0.09,1386,75
1387,3/29/2020,Copenhagen,0.07,1387,100
1388,3/29/2020,Hamburg,0.1,1388,98
1389,3/29/2020,Hong Kong,0.28,1389,16
1390,3/29/2020,Istanbul,0.07,1390,100
1391,3/29/2020,Lisbon,0.11,1391,77
1392,3/29/2020,London,0.08,1392,86
1393,3/29/2020,Los Angeles,0.11,1393,77
1394,3/29/2020,Lyon,0.03,1394,72
1395,3/29/2020,Madrid,0.03,1395,72
1396,3/29/2020,Manchester,0.11,1396,77
1397,3/29/2020,Melbourne,0.18,1397,30
1398,3/29/2020,Mexico City,0.15,1398,51
1399,3/29/2020,Milan,0.03,1399,72
1400,3/29/2020,Monaco,0.05,1400,139
1401,3/29/2020,Montréal,0.11,1401,77
1402,3/29/2020,Moscow,0.27,1402,20
1403,3/29/2020,New York City,0.05,1403,139
1404,3/29/2020,Paris,0.05,1404,139
1405,3/29/2020,Philadelphia,0.11,1405,77
1406,3/29/2020,Rhine-Ruhr,0.12,1406,87
1407,3/29/2020,Rome,0.03,1407,72
1408,3/29/2020,San Francisco,0.07,1408,100
1409,3/29/2020,Seattle,0.12,1409,87
1410,3/29/2020,Seoul,0.35,1410,15
1411,3/29/2020,Singapore,0.54,1411,12
1412,3/29/2020,St. Petersburg,0.29,1412,13
1413,3/29/2020,Stockholm,0.28,1413,16
1414,3/29/2020,Sydney,0.19,1414,15
1415,3/29/2020,São Paulo,0.13,1415,95
1416,3/29/2020,Tokyo,0.07,1416,100
1417,3/29/2020,Toronto,0.18,1417,30
1418,3/29/2020,Vancouver,0.15,1418,51
1419,3/29/2020,Vienna,0.03,1419,72
1420,3/29/2020,Washington DC,0.07,1420,100
1422,3/30/2020,Amsterdam,0.05,1422,139
1423,3/30/2020,Barcelona,0.04,1423,110
1424,3/30/2020,Berlin,0.12,1424,87
1425,3/30/2020,Birmingham,0.16,1425,40
1426,3/30/2020,Boston,0.06,1426,112
1427,3/30/2020,Brussels,0.07,1427,100
1428,3/30/2020,Chicago,0.08,1428,86
1429,3/30/2020,Copenhagen,0.09,1429,75
1430,3/30/2020,Hamburg,0.14,1430,58
1431,3/30/2020,Hong Kong,0.32,1431,10
1432,3/30/2020,Istanbul,0.09,1432,75
1433,3/30/2020,Lisbon,0.11,1433,77
1434,3/30/2020,London,0.1,1434,98
1435,3/30/2020,Los Angeles,0.12,1435,87
1436,3/30/2020,Lyon,0.04,1436,110
1437,3/30/2020,Madrid,0.04,1437,110
1438,3/30/2020,Manchester,0.13,1438,95
1439,3/30/2020,Melbourne,0.18,1439,30
1440,3/30/2020,Mexico City,0.18,1440,30
1441,3/30/2020,Milan,0.04,1441,110
1442,3/30/2020,Monaco,0.07,1442,100
1443,3/30/2020,Montréal,0.13,1443,95
1444,3/30/2020,Moscow,0.17,1444,31
1445,3/30/2020,New York City,0.08,1445,86
1446,3/30/2020,Paris,0.06,1446,112
1447,3/30/2020,Philadelphia,0.13,1447,95
1448,3/30/2020,Rhine-Ruhr,0.15,1448,51
1449,3/30/2020,Rome,0.05,1449,139
1450,3/30/2020,San Francisco,0.08,1450,86
1451,3/30/2020,Seattle,0.08,1451,86
1452,3/30/2020,Seoul,0.38,1452,17
1453,3/30/2020,Singapore,0.53,1453,14
1454,3/30/2020,St. Petersburg,0.28,1454,16
1455,3/30/2020,Stockholm,0.28,1455,16
1456,3/30/2020,Sydney,0.16,1456,40
1457,3/30/2020,São Paulo,0.14,1457,58
1458,3/30/2020,Tokyo,0.11,1458,77
1459,3/30/2020,Toronto,0.17,1459,31
1460,3/30/2020,Vancouver,0.17,1460,31
1461,3/30/2020,Vienna,0.05,1461,139
1462,3/30/2020,Washington DC,0.08,1462,86
1464,3/31/2020,Amsterdam,0.06,1464,112
1465,3/31/2020,Barcelona,0.03,1465,72
1466,3/31/2020,Berlin,0.12,1466,87
1467,3/31/2020,Birmingham,0.13,1467,95
1468,3/31/2020,Boston,0.06,1468,112
1469,3/31/2020,Brussels,0.07,1469,100
1470,3/31/2020,Chicago,0.07,1470,100
1471,3/31/2020,Copenhagen,0.12,1471,87
1472,3/31/2020,Hamburg,0.13,1472,95
1473,3/31/2020,Hong Kong,0.33,1473,9
1474,3/31/2020,Istanbul,0.08,1474,86
1475,3/31/2020,Lisbon,0.12,1475,87
1476,3/31/2020,London,0.1,1476,98
1477,3/31/2020,Los Angeles,0.11,1477,77
1478,3/31/2020,Lyon,0.04,1478,110
1479,3/31/2020,Madrid,0.04,1479,110
1480,3/31/2020,Manchester,0.1,1480,98
1481,3/31/2020,Melbourne,0.15,1481,51
1482,3/31/2020,Mexico City,0.17,1482,31
1483,3/31/2020,Milan,0.03,1483,72
1484,3/31/2020,Monaco,0.05,1484,139
1485,3/31/2020,Montréal,0.12,1485,87
1486,3/31/2020,Moscow,0.17,1486,31
1487,3/31/2020,New York City,0.07,1487,100
1488,3/31/2020,Paris,0.06,1488,112
1489,3/31/2020,Philadelphia,0.1,1489,98
1490,3/31/2020,Rhine-Ruhr,0.15,1490,51
1491,3/31/2020,Rome,0.05,1491,139
1492,3/31/2020,San Francisco,0.06,1492,112
1493,3/31/2020,Seattle,0.08,1493,86
1494,3/31/2020,Seoul,0.36,1494,17
1495,3/31/2020,Singapore,0.55,1495,8
1496,3/31/2020,St. Petersburg,0.24,1496,7
1497,3/31/2020,Stockholm,0.29,1497,13
1498,3/31/2020,Sydney,0.14,1498,58
1499,3/31/2020,São Paulo,0.14,1499,58
1500,3/31/2020,Tokyo,0.1,1500,98
1501,3/31/2020,Toronto,0.18,1501,30
1502,3/31/2020,Vancouver,0.17,1502,31
1503,3/31/2020,Vienna,0.06,1503,112
1504,3/31/2020,Washington DC,0.05,1504,139
1506,4/1/2020,Amsterdam,0.06,1506,112
1507,4/1/2020,Barcelona,0.03,1507,72
1508,4/1/2020,Berlin,0.12,1508,87
1509,4/1/2020,Birmingham,0.12,1509,87
1510,4/1/2020,Boston,0.06,1510,112
1511,4/1/2020,Brussels,0.07,1511,100
1512,4/1/2020,Chicago,0.07,1512,100
1513,4/1/2020,Copenhagen,0.1,1513,98
1514,4/1/2020,Hamburg,0.12,1514,87
1515,4/1/2020,Hong Kong,0.33,1515,9
1516,4/1/2020,Istanbul,0.08,1516,86
1517,4/1/2020,Lisbon,0.1,1517,98
1518,4/1/2020,London,0.09,1518,75
1519,4/1/2020,Los Angeles,0.11,1519,77
1520,4/1/2020,Lyon,0.04,1520,110
1521,4/1/2020,Madrid,0.04,1521,110
1522,4/1/2020,Manchester,0.1,1522,98
1523,4/1/2020,Melbourne,0.15,1523,51
1524,4/1/2020,Mexico City,0.15,1524,51
1525,4/1/2020,Milan,0.03,1525,72
1526,4/1/2020,Monaco,0.07,1526,100
1527,4/1/2020,Montréal,0.13,1527,95
1528,4/1/2020,Moscow,0.14,1528,58
1529,4/1/2020,New York City,0.07,1529,100
1530,4/1/2020,Paris,0.05,1530,139
1531,4/1/2020,Philadelphia,0.12,1531,87
1532,4/1/2020,Rhine-Ruhr,0.17,1532,31
1533,4/1/2020,Rome,0.05,1533,139
1534,4/1/2020,San Francisco,0.05,1534,139
1535,4/1/2020,Seattle,0.08,1535,86
1536,4/1/2020,Seoul,0.37,1536,13
1537,4/1/2020,Singapore,0.51,1537,11
1538,4/1/2020,St. Petersburg,0.2,1538,12
1539,4/1/2020,Stockholm,0.3,1539,14
1540,4/1/2020,Sydney,0.13,1540,95
1541,4/1/2020,São Paulo,0.12,1541,87
1542,4/1/2020,Tokyo,0.07,1542,100
1543,4/1/2020,Toronto,0.18,1543,30
1544,4/1/2020,Vancouver,0.16,1544,40
1545,4/1/2020,Vienna,0.06,1545,112
1546,4/1/2020,Washington DC,0.05,1546,139
1548,4/2/2020,Amsterdam,0.06,1548,112
1549,4/2/2020,Barcelona,0.03,1549,72
1550,4/2/2020,Berlin,0.11,1550,77
1551,4/2/2020,Birmingham,0.13,1551,95
1552,4/2/2020,Boston,0.05,1552,139
1553,4/2/2020,Brussels,0.06,1553,112
1554,4/2/2020,Chicago,0.07,1554,100
1555,4/2/2020,Copenhagen,0.1,1555,98
1556,4/2/2020,Hamburg,0.13,1556,95
1557,4/2/2020,Hong Kong,0.32,1557,10
1558,4/2/2020,Istanbul,0.07,1558,100
1559,4/2/2020,Lisbon,0.11,1559,77
1560,4/2/2020,London,0.09,1560,75
1561,4/2/2020,Los Angeles,0.11,1561,77
1562,4/2/2020,Lyon,0.04,1562,110
1563,4/2/2020,Madrid,0.03,1563,72
1564,4/2/2020,Manchester,0.09,1564,75
1565,4/2/2020,Melbourne,0.12,1565,87
1566,4/2/2020,Mexico City,0.14,1566,58
1567,4/2/2020,Milan,0.03,1567,72
1568,4/2/2020,Monaco,0.05,1568,139
1569,4/2/2020,Montréal,0.11,1569,77
1570,4/2/2020,Moscow,0.12,1570,87
1571,4/2/2020,New York City,0.06,1571,112
1572,4/2/2020,Paris,0.05,1572,139
1573,4/2/2020,Philadelphia,0.11,1573,77
1574,4/2/2020,Rhine-Ruhr,0.16,1574,40
1575,4/2/2020,Rome,0.04,1575,110
1576,4/2/2020,San Francisco,0.05,1576,139
1577,4/2/2020,Seattle,0.09,1577,75
1578,4/2/2020,Seoul,0.37,1578,13
1579,4/2/2020,Singapore,0.49,1579,10
1580,4/2/2020,St. Petersburg,0.18,1580,30
1581,4/2/2020,Stockholm,0.28,1581,16
1582,4/2/2020,Sydney,0.13,1582,95
1583,4/2/2020,São Paulo,0.12,1583,87
1584,4/2/2020,Tokyo,0.09,1584,75
1585,4/2/2020,Toronto,0.15,1585,51
1586,4/2/2020,Vancouver,0.15,1586,51
1587,4/2/2020,Vienna,0.05,1587,139
1588,4/2/2020,Washington DC,0.05,1588,139
1590,4/3/2020,Amsterdam,0.04,1590,110
1591,4/3/2020,Barcelona,0.02,1591,12
1592,4/3/2020,Berlin,0.1,1592,98
1593,4/3/2020,Birmingham,0.13,1593,95
1594,4/3/2020,Boston,0.05,1594,139
1595,4/3/2020,Brussels,0.05,1595,139
1596,4/3/2020,Chicago,0.07,1596,100
1597,4/3/2020,Copenhagen,0.09,1597,75
1598,4/3/2020,Hamburg,0.1,1598,98
1599,4/3/2020,Hong Kong,0.32,1599,10
1600,4/3/2020,Istanbul,0.06,1600,112
1601,4/3/2020,Lisbon,0.1,1601,98
1602,4/3/2020,London,0.08,1602,86
1603,4/3/2020,Los Angeles,0.1,1603,98
1604,4/3/2020,Lyon,0.04,1604,110
1605,4/3/2020,Madrid,0.03,1605,72
1606,4/3/2020,Manchester,0.08,1606,86
1607,4/3/2020,Melbourne,0.13,1607,95
1608,4/3/2020,Mexico City,0.13,1608,95
1609,4/3/2020,Milan,0.03,1609,72
1610,4/3/2020,Monaco,0.06,1610,112
1611,4/3/2020,Montréal,0.11,1611,77
1612,4/3/2020,Moscow,0.13,1612,95
1613,4/3/2020,New York City,0.06,1613,112
1614,4/3/2020,Paris,0.05,1614,139
1615,4/3/2020,Philadelphia,0.12,1615,87
1616,4/3/2020,Rhine-Ruhr,0.12,1616,87
1617,4/3/2020,Rome,0.04,1617,110
1618,4/3/2020,San Francisco,0.06,1618,112
1619,4/3/2020,Seattle,0.09,1619,75
1620,4/3/2020,Seoul,0.42,1620,15
1621,4/3/2020,Singapore,0.44,1621,12
1622,4/3/2020,St. Petersburg,0.17,1622,31
1623,4/3/2020,Stockholm,0.27,1623,20
1624,4/3/2020,Sydney,0.13,1624,95
1625,4/3/2020,São Paulo,0.11,1625,77
1626,4/3/2020,Tokyo,0.12,1626,87
1627,4/3/2020,Toronto,0.16,1627,40
1628,4/3/2020,Vancouver,0.15,1628,51
1629,4/3/2020,Vienna,0.04,1629,110
1630,4/3/2020,Washington DC,0.05,1630,139
1632,4/4/2020,Amsterdam,0.05,1632,139
1633,4/4/2020,Barcelona,0.02,1633,12
1634,4/4/2020,Berlin,0.1,1634,98
1635,4/4/2020,Birmingham,0.13,1635,95
1636,4/4/2020,Boston,0.06,1636,112
1637,4/4/2020,Brussels,0.06,1637,112
1638,4/4/2020,Chicago,0.07,1638,100
1639,4/4/2020,Copenhagen,0.09,1639,75
1640,4/4/2020,Hamburg,0.1,1640,98
1641,4/4/2020,Hong Kong,0.27,1641,20
1642,4/4/2020,Istanbul,0.05,1642,139
1643,4/4/2020,Lisbon,0.1,1643,98
1644,4/4/2020,London,0.07,1644,100
1645,4/4/2020,Los Angeles,0.09,1645,75
1646,4/4/2020,Lyon,0.04,1646,110
1647,4/4/2020,Madrid,0.03,1647,72
1648,4/4/2020,Manchester,0.08,1648,86
1649,4/4/2020,Melbourne,0.12,1649,87
1650,4/4/2020,Mexico City,0.11,1650,77
1651,4/4/2020,Milan,0.03,1651,72
1652,4/4/2020,Monaco,0.02,1652,12
1653,4/4/2020,Montréal,0.12,1653,87
1654,4/4/2020,Moscow,0.13,1654,95
1655,4/4/2020,New York City,0.06,1655,112
1656,4/4/2020,Paris,0.04,1656,110
1657,4/4/2020,Philadelphia,0.1,1657,98
1658,4/4/2020,Rhine-Ruhr,0.12,1658,87
1659,4/4/2020,Rome,0.04,1659,110
1660,4/4/2020,San Francisco,0.06,1660,112
1661,4/4/2020,Seattle,0.07,1661,100
1662,4/4/2020,Seoul,0.39,1662,11
1663,4/4/2020,Singapore,0.5,1663,15
1664,4/4/2020,St. Petersburg,0.18,1664,30
1665,4/4/2020,Stockholm,0.27,1665,20
1666,4/4/2020,Sydney,0.14,1666,58
1667,4/4/2020,São Paulo,0.13,1667,95
1668,4/4/2020,Tokyo,0.13,1668,95
1669,4/4/2020,Toronto,0.17,1669,31
1670,4/4/2020,Vancouver,0.14,1670,58
1671,4/4/2020,Vienna,0.04,1671,110
1672,4/4/2020,Washington DC,0.05,1672,139
1674,4/5/2020,Amsterdam,0.05,1674,139
1675,4/5/2020,Barcelona,0.02,1675,12
1676,4/5/2020,Berlin,0.11,1676,77
1677,4/5/2020,Birmingham,0.12,1677,87
1678,4/5/2020,Boston,0.07,1678,100
1679,4/5/2020,Brussels,0.08,1679,86
1680,4/5/2020,Chicago,0.07,1680,100
1681,4/5/2020,Copenhagen,0.07,1681,100
1682,4/5/2020,Hamburg,0.14,1682,58
1683,4/5/2020,Hong Kong,0.26,1683,6
1684,4/5/2020,Istanbul,0.05,1684,139
1685,4/5/2020,Lisbon,0.08,1685,86
1686,4/5/2020,London,0.09,1686,75
1687,4/5/2020,Los Angeles,0.1,1687,98
1688,4/5/2020,Lyon,0.03,1688,72
1689,4/5/2020,Madrid,0.03,1689,72
1690,4/5/2020,Manchester,0.09,1690,75
1691,4/5/2020,Melbourne,0.14,1691,58
1692,4/5/2020,Mexico City,0.11,1692,77
1693,4/5/2020,Milan,0.03,1693,72
1694,4/5/2020,Monaco,0.03,1694,72
1695,4/5/2020,Montréal,0.09,1695,75
1696,4/5/2020,Moscow,0.13,1696,95
1697,4/5/2020,New York City,0.05,1697,139
1698,4/5/2020,Paris,0.05,1698,139
1699,4/5/2020,Philadelphia,0.1,1699,98
1700,4/5/2020,Rhine-Ruhr,0.15,1700,51
1701,4/5/2020,Rome,0.03,1701,72
1702,4/5/2020,San Francisco,0.06,1702,112
1703,4/5/2020,Seattle,0.1,1703,98
1704,4/5/2020,Seoul,0.34,1704,9
1705,4/5/2020,Singapore,0.52,1705,16
1706,4/5/2020,St. Petersburg,0.22,1706,5
1707,4/5/2020,Stockholm,0.24,1707,7
1708,4/5/2020,Sydney,0.17,1708,31
1709,4/5/2020,São Paulo,0.13,1709,95
1710,4/5/2020,Tokyo,0.09,1710,75
1711,4/5/2020,Toronto,0.17,1711,31
1712,4/5/2020,Vancouver,0.15,1712,51
1713,4/5/2020,Vienna,0.03,1713,72
1714,4/5/2020,Washington DC,0.06,1714,112
1716,4/6/2020,Amsterdam,0.06,1716,112
1717,4/6/2020,Barcelona,0.03,1717,72
1718,4/6/2020,Berlin,0.14,1718,58
1719,4/6/2020,Birmingham,0.13,1719,95
1720,4/6/2020,Boston,0.06,1720,112
1721,4/6/2020,Brussels,0.08,1721,86
1722,4/6/2020,Chicago,0.07,1722,100
1723,4/6/2020,Copenhagen,0.1,1723,98
1724,4/6/2020,Hamburg,0.16,1724,40
1725,4/6/2020,Hong Kong,0.32,1725,10
1726,4/6/2020,Istanbul,0.08,1726,86
1727,4/6/2020,Lisbon,0.09,1727,75
1728,4/6/2020,London,0.09,1728,75
1729,4/6/2020,Los Angeles,0.1,1729,98
1730,4/6/2020,Lyon,0.04,1730,110
1731,4/6/2020,Madrid,0.04,1731,110
1732,4/6/2020,Manchester,0.11,1732,77
1733,4/6/2020,Melbourne,0.15,1733,51
1734,4/6/2020,Mexico City,0.13,1734,95
1735,4/6/2020,Milan,0.04,1735,110
1736,4/6/2020,Monaco,0.05,1736,139
1737,4/6/2020,Montréal,0.13,1737,95
1738,4/6/2020,Moscow,0.16,1738,40
1739,4/6/2020,New York City,0.07,1739,100
1740,4/6/2020,Paris,0.05,1740,139
1741,4/6/2020,Philadelphia,0.14,1741,58
1742,4/6/2020,Rhine-Ruhr,0.16,1742,40
1743,4/6/2020,Rome,0.05,1743,139
1744,4/6/2020,San Francisco,0.06,1744,112
1745,4/6/2020,Seattle,0.09,1745,75
1746,4/6/2020,Seoul,0.36,1746,17
1747,4/6/2020,Singapore,0.5,1747,15
1748,4/6/2020,St. Petersburg,0.31,1748,14
1749,4/6/2020,Stockholm,0.3,1749,14
1750,4/6/2020,Sydney,0.14,1750,58
1751,4/6/2020,São Paulo,0.12,1751,87
1752,4/6/2020,Tokyo,0.1,1752,98
1753,4/6/2020,Toronto,0.15,1753,51
1754,4/6/2020,Vancouver,0.18,1754,30
1755,4/6/2020,Vienna,0.06,1755,112
1756,4/6/2020,Washington DC,0.05,1756,139
1758,4/7/2020,Amsterdam,0.07,1758,100
1759,4/7/2020,Barcelona,0.03,1759,72
1760,4/7/2020,Berlin,0.12,1760,87
1761,4/7/2020,Birmingham,0.1,1761,98
1762,4/7/2020,Boston,0.06,1762,112
1763,4/7/2020,Brussels,0.07,1763,100
1764,4/7/2020,Chicago,0.05,1764,139
1765,4/7/2020,Copenhagen,0.12,1765,87
1766,4/7/2020,Hamburg,0.15,1766,51
1767,4/7/2020,Hong Kong,0.36,1767,17
1768,4/7/2020,Istanbul,0.08,1768,86
1769,4/7/2020,Lisbon,0.11,1769,77
1770,4/7/2020,London,0.09,1770,75
1771,4/7/2020,Los Angeles,0.08,1771,86
1772,4/7/2020,Lyon,0.04,1772,110
1773,4/7/2020,Madrid,0.04,1773,110
1774,4/7/2020,Manchester,0.1,1774,98
1775,4/7/2020,Melbourne,0.14,1775,58
1776,4/7/2020,Mexico City,0.13,1776,95
1777,4/7/2020,Milan,0.03,1777,72
1778,4/7/2020,Monaco,0.07,1778,100
1779,4/7/2020,Montréal,0.11,1779,77
1780,4/7/2020,Moscow,0.17,1780,31
1781,4/7/2020,New York City,0.06,1781,112
1782,4/7/2020,Paris,0.05,1782,139
1783,4/7/2020,Philadelphia,0.13,1783,95
1784,4/7/2020,Rhine-Ruhr,0.13,1784,95
1785,4/7/2020,Rome,0.05,1785,139
1786,4/7/2020,San Francisco,0.05,1786,139
1787,4/7/2020,Seattle,0.08,1787,86
1788,4/7/2020,Seoul,0.37,1788,13
1789,4/7/2020,Singapore,0.21,1789,8
1790,4/7/2020,St. Petersburg,0.28,1790,16
1791,4/7/2020,Stockholm,0.3,1791,14
1792,4/7/2020,Sydney,0.13,1792,95
1793,4/7/2020,São Paulo,0.12,1793,87
1794,4/7/2020,Tokyo,0.09,1794,75
1795,4/7/2020,Toronto,0.16,1795,40
1796,4/7/2020,Vancouver,0.15,1796,51
1797,4/7/2020,Vienna,0.06,1797,112
1798,4/7/2020,Washington DC,0.04,1798,110
1800,4/8/2020,Amsterdam,0.06,1800,112
1801,4/8/2020,Barcelona,0.03,1801,72
1802,4/8/2020,Berlin,0.14,1802,58
1803,4/8/2020,Birmingham,0.11,1803,77
1804,4/8/2020,Boston,0.06,1804,112
1805,4/8/2020,Brussels,0.07,1805,100
1806,4/8/2020,Chicago,0.06,1806,112
1807,4/8/2020,Copenhagen,0.11,1807,77
1808,4/8/2020,Hamburg,0.15,1808,51
1809,4/8/2020,Hong Kong,0.38,1809,17
1810,4/8/2020,Istanbul,0.07,1810,100
1811,4/8/2020,Lisbon,0.11,1811,77
1812,4/8/2020,London,0.08,1812,86
1813,4/8/2020,Los Angeles,0.08,1813,86
1814,4/8/2020,Lyon,0.04,1814,110
1815,4/8/2020,Madrid,0.04,1815,110
1816,4/8/2020,Manchester,0.09,1816,75
1817,4/8/2020,Melbourne,0.13,1817,95
1818,4/8/2020,Mexico City,0.13,1818,95
1819,4/8/2020,Milan,0.03,1819,72
1820,4/8/2020,Monaco,0.02,1820,12
1821,4/8/2020,Montréal,0.1,1821,98
1822,4/8/2020,Moscow,0.16,1822,40
1823,4/8/2020,New York City,0.06,1823,112
1824,4/8/2020,Paris,0.05,1824,139
1825,4/8/2020,Philadelphia,0.12,1825,87
1826,4/8/2020,Rhine-Ruhr,0.16,1826,40
1827,4/8/2020,Rome,0.05,1827,139
1828,4/8/2020,San Francisco,0.04,1828,110
1829,4/8/2020,Seattle,0.08,1829,86
1830,4/8/2020,Seoul,0.36,1830,17
1831,4/8/2020,Singapore,0.17,1831,31
1832,4/8/2020,St. Petersburg,0.25,1832,8
1833,4/8/2020,Stockholm,0.28,1833,16
1834,4/8/2020,Sydney,0.12,1834,87
1835,4/8/2020,São Paulo,0.12,1835,87
1836,4/8/2020,Tokyo,0.08,1836,86
1837,4/8/2020,Toronto,0.15,1837,51
1838,4/8/2020,Vancouver,0.14,1838,58
1839,4/8/2020,Vienna,0.07,1839,100
1840,4/8/2020,Washington DC,0.05,1840,139
1842,4/9/2020,Amsterdam,0.06,1842,112
1843,4/9/2020,Barcelona,0.03,1843,72
1844,4/9/2020,Berlin,0.13,1844,95
1845,4/9/2020,Birmingham,0.13,1845,95
1846,4/9/2020,Boston,0.04,1846,110
1847,4/9/2020,Brussels,0.08,1847,86
1848,4/9/2020,Chicago,0.06,1848,112
1849,4/9/2020,Copenhagen,0.11,1849,77
1850,4/9/2020,Hamburg,0.16,1850,40
1851,4/9/2020,Hong Kong,0.44,1851,12
1852,4/9/2020,Istanbul,0.07,1852,100
1853,4/9/2020,Lisbon,0.09,1853,75
1854,4/9/2020,London,0.08,1854,86
1855,4/9/2020,Los Angeles,0.07,1855,100
1856,4/9/2020,Lyon,0.04,1856,110
1857,4/9/2020,Madrid,0.03,1857,72
1858,4/9/2020,Manchester,0.09,1858,75
1859,4/9/2020,Melbourne,0.12,1859,87
1860,4/9/2020,Mexico City,0.09,1860,75
1861,4/9/2020,Milan,0.03,1861,72
1862,4/9/2020,Monaco,0.03,1862,72
1863,4/9/2020,Montréal,0.09,1863,75
1864,4/9/2020,Moscow,0.14,1864,58
1865,4/9/2020,New York City,0.05,1865,139
1866,4/9/2020,Paris,0.05,1866,139
1867,4/9/2020,Philadelphia,0.12,1867,87
1868,4/9/2020,Rhine-Ruhr,0.17,1868,31
1869,4/9/2020,Rome,0.05,1869,139
1870,4/9/2020,San Francisco,0.05,1870,139
1871,4/9/2020,Seattle,0.07,1871,100
1872,4/9/2020,Seoul,0.38,1872,17
1873,4/9/2020,Singapore,0.15,1873,51
1874,4/9/2020,St. Petersburg,0.27,1874,20
1875,4/9/2020,Stockholm,0.3,1875,14
1876,4/9/2020,Sydney,0.11,1876,77
1877,4/9/2020,São Paulo,0.12,1877,87
1878,4/9/2020,Tokyo,0.08,1878,86
1879,4/9/2020,Toronto,0.15,1879,51
1880,4/9/2020,Vancouver,0.17,1880,31
1881,4/9/2020,Vienna,0.07,1881,100
1882,4/9/2020,Washington DC,0.05,1882,139
1884,4/10/2020,Amsterdam,0.05,1884,139
1885,4/10/2020,Barcelona,0.02,1885,12
1886,4/10/2020,Berlin,0.1,1886,98
1887,4/10/2020,Birmingham,0.1,1887,98
1888,4/10/2020,Boston,0.05,1888,139
1889,4/10/2020,Brussels,0.06,1889,112
1890,4/10/2020,Chicago,0.06,1890,112
1891,4/10/2020,Copenhagen,0.09,1891,75
1892,4/10/2020,Hamburg,0.1,1892,98
1893,4/10/2020,Hong Kong,0.38,1893,17
1894,4/10/2020,Istanbul,0.07,1894,100
1895,4/10/2020,Lisbon,0.08,1895,86
1896,4/10/2020,London,0.08,1896,86
1897,4/10/2020,Los Angeles,0.07,1897,100
1898,4/10/2020,Lyon,0.04,1898,110
1899,4/10/2020,Madrid,0.03,1899,72
1900,4/10/2020,Manchester,0.09,1900,75
1901,4/10/2020,Melbourne,0.1,1901,98
1902,4/10/2020,Mexico City,0.07,1902,100
1903,4/10/2020,Milan,0.03,1903,72
1904,4/10/2020,Monaco,0.06,1904,112
1905,4/10/2020,Montréal,0.1,1905,98
1906,4/10/2020,Moscow,0.13,1906,95
1907,4/10/2020,New York City,0.05,1907,139
1908,4/10/2020,Paris,0.05,1908,139
1909,4/10/2020,Philadelphia,0.13,1909,95
1910,4/10/2020,Rhine-Ruhr,0.12,1910,87
1911,4/10/2020,Rome,0.04,1911,110
1912,4/10/2020,San Francisco,0.05,1912,139
1913,4/10/2020,Seattle,0.06,1913,112
1914,4/10/2020,Seoul,0.41,1914,14
1915,4/10/2020,Singapore,0.14,1915,58
1916,4/10/2020,St. Petersburg,0.24,1916,7
1917,4/10/2020,Stockholm,0.25,1917,8
1918,4/10/2020,Sydney,0.1,1918,98
1919,4/10/2020,São Paulo,0.08,1919,86
1920,4/10/2020,Tokyo,0.08,1920,86
1921,4/10/2020,Toronto,0.12,1921,87
1922,4/10/2020,Vancouver,0.13,1922,95
1923,4/10/2020,Vienna,0.05,1923,139
1924,4/10/2020,Washington DC,0.04,1924,110
1926,4/11/2020,Amsterdam,0.06,1926,112
1927,4/11/2020,Barcelona,0.03,1927,72
1928,4/11/2020,Berlin,0.11,1928,77
1929,4/11/2020,Birmingham,0.12,1929,87
1930,4/11/2020,Boston,0.06,1930,112
1931,4/11/2020,Brussels,0.07,1931,100
1932,4/11/2020,Chicago,0.06,1932,112
1933,4/11/2020,Copenhagen,0.09,1933,75
1934,4/11/2020,Hamburg,0.1,1934,98
1935,4/11/2020,Hong Kong,0.31,1935,14
1936,4/11/2020,Istanbul,0.05,1936,139
1937,4/11/2020,Lisbon,0.08,1937,86
1938,4/11/2020,London,0.07,1938,100
1939,4/11/2020,Los Angeles,0.08,1939,86
1940,4/11/2020,Lyon,0.04,1940,110
1941,4/11/2020,Madrid,0.03,1941,72
1942,4/11/2020,Manchester,0.09,1942,75
1943,4/11/2020,Melbourne,0.12,1943,87
1944,4/11/2020,Mexico City,0.08,1944,86
1945,4/11/2020,Milan,0.03,1945,72
1946,4/11/2020,Monaco,0.03,1946,72
1947,4/11/2020,Montréal,0.09,1947,75
1948,4/11/2020,Moscow,0.15,1948,51
1949,4/11/2020,New York City,0.05,1949,139
1950,4/11/2020,Paris,0.05,1950,139
1951,4/11/2020,Philadelphia,0.11,1951,77
1952,4/11/2020,Rhine-Ruhr,0.13,1952,95
1953,4/11/2020,Rome,0.04,1953,110
1954,4/11/2020,San Francisco,0.05,1954,139
1955,4/11/2020,Seattle,0.06,1955,112
1956,4/11/2020,Seoul,0.38,1956,17
1957,4/11/2020,Singapore,0.15,1957,51
1958,4/11/2020,St. Petersburg,0.23,1958,15
1959,4/11/2020,Stockholm,0.26,1959,6
1960,4/11/2020,Sydney,0.14,1960,58
1961,4/11/2020,São Paulo,0.12,1961,87
1962,4/11/2020,Tokyo,0.09,1962,75
1963,4/11/2020,Toronto,0.14,1963,58
1964,4/11/2020,Vancouver,0.14,1964,58
1965,4/11/2020,Vienna,0.05,1965,139
1966,4/11/2020,Washington DC,0.05,1966,139
1968,4/12/2020,Amsterdam,0.06,1968,112
1969,4/12/2020,Barcelona,0.02,1969,12
1970,4/12/2020,Berlin,0.14,1970,58
1971,4/12/2020,Birmingham,0.1,1971,98
1972,4/12/2020,Boston,0.06,1972,112
1973,4/12/2020,Brussels,0.07,1973,100
1974,4/12/2020,Chicago,0.07,1974,100
1975,4/12/2020,Copenhagen,0.1,1975,98
1976,4/12/2020,Hamburg,0.13,1976,95
1977,4/12/2020,Hong Kong,0.42,1977,15
1978,4/12/2020,Istanbul,0.04,1978,110
1979,4/12/2020,Lisbon,0.08,1979,86
1980,4/12/2020,London,0.07,1980,100
1981,4/12/2020,Los Angeles,0.06,1981,112
1982,4/12/2020,Lyon,0.03,1982,72
1983,4/12/2020,Madrid,0.04,1983,110
1984,4/12/2020,Manchester,0.08,1984,86
1985,4/12/2020,Melbourne,0.09,1985,75
1986,4/12/2020,Mexico City,0.1,1986,98
1987,4/12/2020,Milan,0.02,1987,12
1988,4/12/2020,Monaco,0.02,1988,12
1989,4/12/2020,Montréal,0.08,1989,86
1990,4/12/2020,Moscow,0.16,1990,40
1991,4/12/2020,New York City,0.05,1991,139
1992,4/12/2020,Paris,0.05,1992,139
1993,4/12/2020,Philadelphia,0.1,1993,98
1994,4/12/2020,Rhine-Ruhr,0.14,1994,58
1995,4/12/2020,Rome,0.03,1995,72
1996,4/12/2020,San Francisco,0.05,1996,139
1997,4/12/2020,Seattle,0.09,1997,75
1998,4/12/2020,Seoul,0.34,1998,9
1999,4/12/2020,Singapore,0.16,1999,40
2000,4/12/2020,St. Petersburg,0.21,2000,8
2001,4/12/2020,Stockholm,0.23,2001,15
2002,4/12/2020,Sydney,0.12,2002,87
2003,4/12/2020,São Paulo,0.12,2003,87
2004,4/12/2020,Tokyo,0.05,2004,139
2005,4/12/2020,Toronto,0.13,2005,95
2006,4/12/2020,Vancouver,0.14,2006,58
2007,4/12/2020,Vienna,0.04,2007,110
2008,4/12/2020,Washington DC,0.04,2008,110
2010,4/13/2020,Amsterdam,0.06,2010,112
2011,4/13/2020,Barcelona,0.03,2011,72
2012,4/13/2020,Berlin,0.09,2012,75
2013,4/13/2020,Birmingham,0.1,2013,98
2014,4/13/2020,Boston,0.05,2014,139
2015,4/13/2020,Brussels,0.06,2015,112
2016,4/13/2020,Chicago,0.07,2016,100
2017,4/13/2020,Copenhagen,0.1,2017,98
2018,4/13/2020,Hamburg,0.11,2018,77
2019,4/13/2020,Hong Kong,0.42,2019,15
2020,4/13/2020,Istanbul,0.08,2020,86
2021,4/13/2020,Lisbon,0.09,2021,75
2022,4/13/2020,London,0.08,2022,86
2023,4/13/2020,Los Angeles,0.11,2023,77
2024,4/13/2020,Lyon,0.03,2024,72
2025,4/13/2020,Madrid,0.05,2025,139
2026,4/13/2020,Manchester,0.1,2026,98
2027,4/13/2020,Melbourne,0.13,2027,95
2028,4/13/2020,Mexico City,0.13,2028,95
2029,4/13/2020,Milan,0.03,2029,72
2030,4/13/2020,Monaco,0.03,2030,72
2031,4/13/2020,Montréal,0.11,2031,77
2032,4/13/2020,Moscow,0.16,2032,40
2033,4/13/2020,New York City,0.06,2033,112
2034,4/13/2020,Paris,0.04,2034,110
2035,4/13/2020,Philadelphia,0.11,2035,77
2036,4/13/2020,Rhine-Ruhr,0.11,2036,77
2037,4/13/2020,Rome,0.03,2037,72
2038,4/13/2020,San Francisco,0.05,2038,139
2039,4/13/2020,Seattle,0.08,2039,86
2040,4/13/2020,Seoul,0.36,2040,17
2041,4/13/2020,Singapore,0.13,2041,95
2042,4/13/2020,St. Petersburg,0.28,2042,16
2043,4/13/2020,Stockholm,0.25,2043,8
2044,4/13/2020,Sydney,0.13,2044,95
2045,4/13/2020,São Paulo,0.11,2045,77
2046,4/13/2020,Tokyo,0.05,2046,139
2047,4/13/2020,Toronto,0.14,2047,58
2048,4/13/2020,Vancouver,0.14,2048,58
2049,4/13/2020,Vienna,0.06,2049,112
2050,4/13/2020,Washington DC,0.05,2050,139
2052,4/14/2020,Amsterdam,0.06,2052,112
2053,4/14/2020,Barcelona,0.04,2053,110
2054,4/14/2020,Berlin,0.12,2054,87
2055,4/14/2020,Birmingham,0.13,2055,95
2056,4/14/2020,Boston,0.05,2056,139
2057,4/14/2020,Brussels,0.06,2057,112
2058,4/14/2020,Chicago,0.06,2058,112
2059,4/14/2020,Copenhagen,0.13,2059,95
2060,4/14/2020,Hamburg,0.13,2060,95
2061,4/14/2020,Hong Kong,0.4,2061,8
2062,4/14/2020,Istanbul,0.08,2062,86
2063,4/14/2020,Lisbon,0.1,2063,98
2064,4/14/2020,London,0.09,2064,75
2065,4/14/2020,Los Angeles,0.09,2065,75
2066,4/14/2020,Lyon,0.04,2066,110
2067,4/14/2020,Madrid,0.04,2067,110
2068,4/14/2020,Manchester,0.1,2068,98
2069,4/14/2020,Melbourne,0.14,2069,58
2070,4/14/2020,Mexico City,0.12,2070,87
2071,4/14/2020,Milan,0.04,2071,110
2072,4/14/2020,Monaco,0.02,2072,12
2073,4/14/2020,Montréal,0.11,2073,77
2074,4/14/2020,Moscow,0.17,2074,31
2075,4/14/2020,New York City,0.06,2075,112
2076,4/14/2020,Paris,0.06,2076,112
2077,4/14/2020,Philadelphia,0.11,2077,77
2078,4/14/2020,Rhine-Ruhr,0.16,2078,40
2079,4/14/2020,Rome,0.05,2079,139
2080,4/14/2020,San Francisco,0.05,2080,139
2081,4/14/2020,Seattle,0.05,2081,139
2082,4/14/2020,Seoul,0.4,2082,8
2083,4/14/2020,Singapore,0.13,2083,95
2084,4/14/2020,St. Petersburg,0.32,2084,10
2085,4/14/2020,Stockholm,0.29,2085,13
2086,4/14/2020,Sydney,0.13,2086,95
2087,4/14/2020,São Paulo,0.11,2087,77
2088,4/14/2020,Tokyo,0.07,2088,100
2089,4/14/2020,Toronto,0.15,2089,51
2090,4/14/2020,Vancouver,0.16,2090,40
2091,4/14/2020,Vienna,0.08,2091,86
2092,4/14/2020,Washington DC,0.04,2092,110
2094,4/15/2020,Amsterdam,0.06,2094,112
2095,4/15/2020,Barcelona,0.04,2095,110
2096,4/15/2020,Berlin,0.13,2096,95
2097,4/15/2020,Birmingham,0.12,2097,87
2098,4/15/2020,Boston,0.05,2098,139
2099,4/15/2020,Brussels,0.07,2099,100
2100,4/15/2020,Chicago,0.06,2100,112
2101,4/15/2020,Copenhagen,0.13,2101,95
2102,4/15/2020,Hamburg,0.15,2102,51
2103,4/15/2020,Hong Kong,0.41,2103,14
2104,4/15/2020,Istanbul,0.09,2104,75
2105,4/15/2020,Lisbon,0.11,2105,77
2106,4/15/2020,London,0.09,2106,75
2107,4/15/2020,Los Angeles,0.08,2107,86
2108,4/15/2020,Lyon,0.04,2108,110
2109,4/15/2020,Madrid,0.04,2109,110
2110,4/15/2020,Manchester,0.09,2110,75
2111,4/15/2020,Melbourne,0.14,2111,58
2112,4/15/2020,Mexico City,0.11,2112,77
2113,4/15/2020,Milan,0.03,2113,72
2114,4/15/2020,Monaco,0.03,2114,72
2115,4/15/2020,Montréal,0.1,2115,98
2116,4/15/2020,Moscow,0.13,2116,95
2117,4/15/2020,New York City,0.06,2117,112
2118,4/15/2020,Paris,0.05,2118,139
2119,4/15/2020,Philadelphia,0.1,2119,98
2120,4/15/2020,Rhine-Ruhr,0.17,2120,31
2121,4/15/2020,Rome,0.05,2121,139
2122,4/15/2020,San Francisco,0.04,2122,110
2123,4/15/2020,Seattle,0.07,2123,100
2124,4/15/2020,Seoul,0.38,2124,17
2125,4/15/2020,Singapore,0.12,2125,87
2126,4/15/2020,St. Petersburg,0.31,2126,14
2127,4/15/2020,Stockholm,0.3,2127,14
2128,4/15/2020,Sydney,0.14,2128,58
2129,4/15/2020,São Paulo,0.11,2129,77
2130,4/15/2020,Tokyo,0.06,2130,112
2131,4/15/2020,Toronto,0.14,2131,58
2132,4/15/2020,Vancouver,0.14,2132,58
2133,4/15/2020,Vienna,0.08,2133,86
2134,4/15/2020,Washington DC,0.04,2134,110
2136,4/16/2020,Amsterdam,0.05,2136,139
2137,4/16/2020,Barcelona,0.03,2137,72
2138,4/16/2020,Berlin,0.13,2138,95
2139,4/16/2020,Birmingham,0.13,2139,95
2140,4/16/2020,Boston,0.04,2140,110
2141,4/16/2020,Brussels,0.07,2141,100
2142,4/16/2020,Chicago,0.05,2142,139
2143,4/16/2020,Copenhagen,0.11,2143,77
2144,4/16/2020,Hamburg,0.15,2144,51
2145,4/16/2020,Hong Kong,0.42,2145,15
2146,4/16/2020,Istanbul,0.08,2146,86
2147,4/16/2020,Lisbon,0.09,2147,75
2148,4/16/2020,London,0.08,2148,86
2149,4/16/2020,Los Angeles,0.07,2149,100
2150,4/16/2020,Lyon,0.04,2150,110
2151,4/16/2020,Madrid,0.04,2151,110
2152,4/16/2020,Manchester,0.08,2152,86
2153,4/16/2020,Melbourne,0.12,2153,87
2154,4/16/2020,Mexico City,0.12,2154,87
2155,4/16/2020,Milan,0.03,2155,72
2156,4/16/2020,Monaco,0.05,2156,139
2157,4/16/2020,Montréal,0.09,2157,75
2158,4/16/2020,Moscow,0.11,2158,77
2159,4/16/2020,New York City,0.06,2159,112
2160,4/16/2020,Paris,0.05,2160,139
2161,4/16/2020,Philadelphia,0.11,2161,77
2162,4/16/2020,Rhine-Ruhr,0.17,2162,31
2163,4/16/2020,Rome,0.05,2163,139
2164,4/16/2020,San Francisco,0.04,2164,110
2165,4/16/2020,Seattle,0.06,2165,112
2166,4/16/2020,Seoul,0.4,2166,8
2167,4/16/2020,Singapore,0.12,2167,87
2168,4/16/2020,St. Petersburg,0.28,2168,16
2169,4/16/2020,Stockholm,0.29,2169,13
2170,4/16/2020,Sydney,0.13,2170,95
2171,4/16/2020,São Paulo,0.11,2171,77
2172,4/16/2020,Tokyo,0.05,2172,139
2173,4/16/2020,Toronto,0.14,2173,58
2174,4/16/2020,Vancouver,0.15,2174,51
2175,4/16/2020,Vienna,0.09,2175,75
2176,4/16/2020,Washington DC,0.04,2176,110
2178,4/17/2020,Amsterdam,0.05,2178,139
2179,4/17/2020,Barcelona,0.04,2179,110
2180,4/17/2020,Berlin,0.13,2180,95
2181,4/17/2020,Birmingham,0.11,2181,77
2182,4/17/2020,Boston,0.05,2182,139
2183,4/17/2020,Brussels,0.07,2183,100
2184,4/17/2020,Chicago,0.05,2184,139
2185,4/17/2020,Copenhagen,0.11,2185,77
2186,4/17/2020,Hamburg,0.13,2186,95
2187,4/17/2020,Hong Kong,0.42,2187,15
2188,4/17/2020,Istanbul,0.08,2188,86
2189,4/17/2020,Lisbon,0.09,2189,75
2190,4/17/2020,London,0.08,2190,86
2191,4/17/2020,Los Angeles,0.08,2191,86
2192,4/17/2020,Lyon,0.04,2192,110
2193,4/17/2020,Madrid,0.04,2193,110
2194,4/17/2020,Manchester,0.09,2194,75
2195,4/17/2020,Melbourne,0.13,2195,95
2196,4/17/2020,Mexico City,0.1,2196,98
2197,4/17/2020,Milan,0.03,2197,72
2198,4/17/2020,Monaco,0.04,2198,110
2199,4/17/2020,Montréal,0.1,2199,98
2200,4/17/2020,Moscow,0.13,2200,95
2201,4/17/2020,New York City,0.05,2201,139
2202,4/17/2020,Paris,0.05,2202,139
2203,4/17/2020,Philadelphia,0.09,2203,75
2204,4/17/2020,Rhine-Ruhr,0.14,2204,58
2205,4/17/2020,Rome,0.05,2205,139
2206,4/17/2020,San Francisco,0.04,2206,110
2207,4/17/2020,Seattle,0.07,2207,100
2208,4/17/2020,Seoul,0.38,2208,17
2209,4/17/2020,Singapore,0.12,2209,87
2210,4/17/2020,St. Petersburg,0.27,2210,20
2211,4/17/2020,Stockholm,0.29,2211,13
2212,4/17/2020,Sydney,0.14,2212,58
2213,4/17/2020,São Paulo,0.12,2213,87
2214,4/17/2020,Tokyo,0.08,2214,86
2215,4/17/2020,Toronto,0.13,2215,95
2216,4/17/2020,Vancouver,0.13,2216,95
2217,4/17/2020,Vienna,0.07,2217,100
2218,4/17/2020,Washington DC,0.04,2218,110
2220,4/18/2020,Amsterdam,0.05,2220,139
2221,4/18/2020,Barcelona,0.03,2221,72
2222,4/18/2020,Berlin,0.13,2222,95
2223,4/18/2020,Birmingham,0.11,2223,77
2224,4/18/2020,Boston,0.04,2224,110
2225,4/18/2020,Brussels,0.06,2225,112
2226,4/18/2020,Chicago,0.07,2226,100
2227,4/18/2020,Copenhagen,0.12,2227,87
2228,4/18/2020,Hamburg,0.13,2228,95
2229,4/18/2020,Hong Kong,0.41,2229,14
2230,4/18/2020,Istanbul,0.04,2230,110
2231,4/18/2020,Lisbon,0.11,2231,77
2232,4/18/2020,London,0.07,2232,100
2233,4/18/2020,Los Angeles,0.09,2233,75
2234,4/18/2020,Lyon,0.04,2234,110
2235,4/18/2020,Madrid,0.03,2235,72
2236,4/18/2020,Manchester,0.08,2236,86
2237,4/18/2020,Melbourne,0.13,2237,95
2238,4/18/2020,Mexico City,0.1,2238,98
2239,4/18/2020,Milan,0.03,2239,72
2240,4/18/2020,Monaco,0.01,2240,1
2241,4/18/2020,Montréal,0.12,2241,87
2242,4/18/2020,Moscow,0.11,2242,77
2243,4/18/2020,New York City,0.04,2243,110
2244,4/18/2020,Paris,0.05,2244,139
2245,4/18/2020,Philadelphia,0.1,2245,98
2246,4/18/2020,Rhine-Ruhr,0.11,2246,77
2247,4/18/2020,Rome,0.05,2247,139
2248,4/18/2020,San Francisco,0.04,2248,110
2249,4/18/2020,Seattle,0.07,2249,100
2250,4/18/2020,Seoul,0.42,2250,15
2251,4/18/2020,Singapore,0.13,2251,95
2252,4/18/2020,St. Petersburg,0.19,2252,15
2253,4/18/2020,Stockholm,0.29,2253,13
2254,4/18/2020,Sydney,0.16,2254,40
2255,4/18/2020,São Paulo,0.11,2255,77
2256,4/18/2020,Tokyo,0.03,2256,72
2257,4/18/2020,Toronto,0.18,2257,30
2258,4/18/2020,Vancouver,0.17,2258,31
2259,4/18/2020,Vienna,0.07,2259,100
2260,4/18/2020,Washington DC,0.04,2260,110
2262,4/19/2020,Amsterdam,0.06,2262,112
2263,4/19/2020,Barcelona,0.02,2263,12
2264,4/19/2020,Berlin,0.14,2264,58
2265,4/19/2020,Birmingham,0.12,2265,87
2266,4/19/2020,Boston,0.08,2266,86
2267,4/19/2020,Brussels,0.07,2267,100
2268,4/19/2020,Chicago,0.08,2268,86
2269,4/19/2020,Copenhagen,0.09,2269,75
2270,4/19/2020,Hamburg,0.13,2270,95
2271,4/19/2020,Hong Kong,0.41,2271,14
2272,4/19/2020,Istanbul,0.05,2272,139
2273,4/19/2020,Lisbon,0.1,2273,98
2274,4/19/2020,London,0.09,2274,75
2275,4/19/2020,Los Angeles,0.07,2275,100
2276,4/19/2020,Lyon,0.04,2276,110
2277,4/19/2020,Madrid,0.04,2277,110
2278,4/19/2020,Manchester,0.1,2278,98
2279,4/19/2020,Melbourne,0.15,2279,51
2280,4/19/2020,Mexico City,0.09,2280,75
2281,4/19/2020,Milan,0.03,2281,72
2282,4/19/2020,Monaco,0,2282,1
2283,4/19/2020,Montréal,0.07,2283,100
2284,4/19/2020,Moscow,0.13,2284,95
2285,4/19/2020,New York City,0.05,2285,139
2286,4/19/2020,Paris,0.05,2286,139
2287,4/19/2020,Philadelphia,0.09,2287,75
2288,4/19/2020,Rhine-Ruhr,0.15,2288,51
2289,4/19/2020,Rome,0.04,2289,110
2290,4/19/2020,San Francisco,0.06,2290,112
2291,4/19/2020,Seattle,0.09,2291,75
2292,4/19/2020,Seoul,0.3,2292,14
2293,4/19/2020,Singapore,0.14,2293,58
2294,4/19/2020,St. Petersburg,0.25,2294,8
2295,4/19/2020,Stockholm,0.27,2295,20
2296,4/19/2020,Sydney,0.15,2296,51
2297,4/19/2020,São Paulo,0.14,2297,58
2298,4/19/2020,Tokyo,0.1,2298,98
2299,4/19/2020,Toronto,0.14,2299,58
2300,4/19/2020,Vancouver,0.14,2300,58
2301,4/19/2020,Vienna,0.04,2301,110
2302,4/19/2020,Washington DC,0.05,2302,139
2304,4/20/2020,Amsterdam,0.06,2304,112
2305,4/20/2020,Barcelona,0.04,2305,110
2306,4/20/2020,Berlin,0.15,2306,51
2307,4/20/2020,Birmingham,0.13,2307,95
2308,4/20/2020,Boston,0.06,2308,112
2309,4/20/2020,Brussels,0.08,2309,86
2310,4/20/2020,Chicago,0.07,2310,100
2311,4/20/2020,Copenhagen,0.14,2311,58
2312,4/20/2020,Hamburg,0.19,2312,15
2313,4/20/2020,Hong Kong,0.42,2313,15
2314,4/20/2020,Istanbul,0.11,2314,77
2315,4/20/2020,Lisbon,0.1,2315,98
2316,4/20/2020,London,0.1,2316,98
2317,4/20/2020,Los Angeles,0.12,2317,87
2318,4/20/2020,Lyon,0.05,2318,139
2319,4/20/2020,Madrid,0.05,2319,139
2320,4/20/2020,Manchester,0.1,2320,98
2321,4/20/2020,Melbourne,0.14,2321,58
2322,4/20/2020,Mexico City,0.12,2322,87
2323,4/20/2020,Milan,0.04,2323,110
2324,4/20/2020,Monaco,0.05,2324,139
2325,4/20/2020,Montréal,0.13,2325,95
2326,4/20/2020,Moscow,0.13,2326,95
2327,4/20/2020,New York City,0.06,2327,112
2328,4/20/2020,Paris,0.06,2328,112
2329,4/20/2020,Philadelphia,0.1,2329,98
2330,4/20/2020,Rhine-Ruhr,0.2,2330,12
2331,4/20/2020,Rome,0.06,2331,112
2332,4/20/2020,San Francisco,0.05,2332,139
2333,4/20/2020,Seattle,0.09,2333,75
2334,4/20/2020,Seoul,0.35,2334,15
2335,4/20/2020,Singapore,0.12,2335,87
2336,4/20/2020,St. Petersburg,0.28,2336,16
2337,4/20/2020,Stockholm,0.27,2337,20
2338,4/20/2020,Sydney,0.14,2338,58
2339,4/20/2020,São Paulo,0.11,2339,77
2340,4/20/2020,Tokyo,0.04,2340,110
2341,4/20/2020,Toronto,0.16,2341,40
2342,4/20/2020,Vancouver,0.18,2342,30
2343,4/20/2020,Vienna,0.1,2343,98
2344,4/20/2020,Washington DC,0.05,2344,139
2346,4/21/2020,Amsterdam,0.07,2346,100
2347,4/21/2020,Barcelona,0.04,2347,110
2348,4/21/2020,Berlin,0.15,2348,51
2349,4/21/2020,Birmingham,0.11,2349,77
2350,4/21/2020,Boston,0.04,2350,110
2351,4/21/2020,Brussels,0.08,2351,86
2352,4/21/2020,Chicago,0.06,2352,112
2353,4/21/2020,Copenhagen,0.15,2353,51
2354,4/21/2020,Hamburg,0.18,2354,30
2355,4/21/2020,Hong Kong,0.41,2355,14
2356,4/21/2020,Istanbul,0.1,2356,98
2357,4/21/2020,Lisbon,0.11,2357,77
2358,4/21/2020,London,0.09,2358,75
2359,4/21/2020,Los Angeles,0.09,2359,75
2360,4/21/2020,Lyon,0.05,2360,139
2361,4/21/2020,Madrid,0.05,2361,139
2362,4/21/2020,Manchester,0.1,2362,98
2363,4/21/2020,Melbourne,0.13,2363,95
2364,4/21/2020,Mexico City,0.12,2364,87
2365,4/21/2020,Milan,0.04,2365,110
2366,4/21/2020,Monaco,0.04,2366,110
2367,4/21/2020,Montréal,0.1,2367,98
2368,4/21/2020,Moscow,0.17,2368,31
2369,4/21/2020,New York City,0.06,2369,112
2370,4/21/2020,Paris,0.06,2370,112
2371,4/21/2020,Philadelphia,0.1,2371,98
2372,4/21/2020,Rhine-Ruhr,0.18,2372,30
2373,4/21/2020,Rome,0.06,2373,112
2374,4/21/2020,San Francisco,0.04,2374,110
2375,4/21/2020,Seattle,0.06,2375,112
2376,4/21/2020,Seoul,0.38,2376,17
2377,4/21/2020,Singapore,0.11,2377,77
2378,4/21/2020,St. Petersburg,0.31,2378,14
2379,4/21/2020,Stockholm,0.35,2379,15
2380,4/21/2020,Sydney,0.13,2380,95
2381,4/21/2020,São Paulo,0.07,2381,100
2382,4/21/2020,Tokyo,0.08,2382,86
2383,4/21/2020,Toronto,0.15,2383,51
2384,4/21/2020,Vancouver,0.16,2384,40
2385,4/21/2020,Vienna,0.1,2385,98
2386,4/21/2020,Washington DC,0.03,2386,72
2388,4/22/2020,Amsterdam,0.07,2388,100
2389,4/22/2020,Barcelona,0.04,2389,110
2390,4/22/2020,Berlin,0.16,2390,40
2391,4/22/2020,Birmingham,0.1,2391,98
2392,4/22/2020,Boston,0.05,2392,139
2393,4/22/2020,Brussels,0.08,2393,86
2394,4/22/2020,Chicago,0.05,2394,139
2395,4/22/2020,Copenhagen,0.16,2395,40
2396,4/22/2020,Hamburg,0.15,2396,51
2397,4/22/2020,Hong Kong,0.37,2397,13
2398,4/22/2020,Istanbul,0.1,2398,98
2399,4/22/2020,Lisbon,0.11,2399,77
2400,4/22/2020,London,0.09,2400,75
2401,4/22/2020,Los Angeles,0.08,2401,86
2402,4/22/2020,Lyon,0.05,2402,139
2403,4/22/2020,Madrid,0.04,2403,110
2404,4/22/2020,Manchester,0.09,2404,75
2405,4/22/2020,Melbourne,0.14,2405,58
2406,4/22/2020,Mexico City,0.12,2406,87
2407,4/22/2020,Milan,0.03,2407,72
2408,4/22/2020,Monaco,0.04,2408,110
2409,4/22/2020,Montréal,0.1,2409,98
2410,4/22/2020,Moscow,0.16,2410,40
2411,4/22/2020,New York City,0.06,2411,112
2412,4/22/2020,Paris,0.06,2412,112
2413,4/22/2020,Philadelphia,0.1,2413,98
2414,4/22/2020,Rhine-Ruhr,0.2,2414,12
2415,4/22/2020,Rome,0.05,2415,139
2416,4/22/2020,San Francisco,0.04,2416,110
2417,4/22/2020,Seattle,0.07,2417,100
2418,4/22/2020,Seoul,0.37,2418,13
2419,4/22/2020,Singapore,0.1,2419,98
2420,4/22/2020,St. Petersburg,0.31,2420,14
2421,4/22/2020,Stockholm,0.3,2421,14
2422,4/22/2020,Sydney,0.15,2422,51
2423,4/22/2020,São Paulo,0.12,2423,87
2424,4/22/2020,Tokyo,0.07,2424,100
2425,4/22/2020,Toronto,0.14,2425,58
2426,4/22/2020,Vancouver,0.14,2426,58
2427,4/22/2020,Vienna,0.1,2427,98
2428,4/22/2020,Washington DC,0.04,2428,110
2430,4/23/2020,Amsterdam,0.07,2430,100
2431,4/23/2020,Barcelona,0.04,2431,110
2432,4/23/2020,Berlin,0.17,2432,31
2433,4/23/2020,Birmingham,0.12,2433,87
2434,4/23/2020,Boston,0.05,2434,139
2435,4/23/2020,Brussels,0.08,2435,86
2436,4/23/2020,Chicago,0.06,2436,112
2437,4/23/2020,Copenhagen,0.15,2437,51
2438,4/23/2020,Hamburg,0.18,2438,30
2439,4/23/2020,Hong Kong,0.39,2439,11
2440,4/23/2020,Istanbul,0.05,2440,139
2441,4/23/2020,Lisbon,0.1,2441,98
2442,4/23/2020,London,0.09,2442,75
2443,4/23/2020,Los Angeles,0.1,2443,98
2444,4/23/2020,Lyon,0.05,2444,139
2445,4/23/2020,Madrid,0.04,2445,110
2446,4/23/2020,Manchester,0.09,2446,75
2447,4/23/2020,Melbourne,0.13,2447,95
2448,4/23/2020,Mexico City,0.1,2448,98
2449,4/23/2020,Milan,0.03,2449,72
2450,4/23/2020,Monaco,0.03,2450,72
2451,4/23/2020,Montréal,0.11,2451,77
2452,4/23/2020,Moscow,0.15,2452,51
2453,4/23/2020,New York City,0.05,2453,139
2454,4/23/2020,Paris,0.06,2454,112
2455,4/23/2020,Philadelphia,0.1,2455,98
2456,4/23/2020,Rhine-Ruhr,0.2,2456,12
2457,4/23/2020,Rome,0.05,2457,139
2458,4/23/2020,San Francisco,0.04,2458,110
2459,4/23/2020,Seattle,0.07,2459,100
2460,4/23/2020,Seoul,0.37,2460,13
2461,4/23/2020,Singapore,0.1,2461,98
2462,4/23/2020,St. Petersburg,0.29,2462,13
2463,4/23/2020,Stockholm,0.34,2463,9
2464,4/23/2020,Sydney,0.15,2464,51
2465,4/23/2020,São Paulo,0.12,2465,87
2466,4/23/2020,Tokyo,0.05,2466,139
2467,4/23/2020,Toronto,0.15,2467,51
2468,4/23/2020,Vancouver,0.16,2468,40
2469,4/23/2020,Vienna,0.1,2469,98
2470,4/23/2020,Washington DC,0.03,2470,72
